S1_id,phase,S1_lon,S1_alt,S2_id,S2_lat,S2_lon,S2_alt,link direction,gap of angle (rad),time,distance
SAT-0-0,0.006263,0.003769167,550,SAT-71-5,-3.079791582,352.6763359,550,left,9.45E-05,0,959.1880178
SAT-0-0,0.006263,0.003769167,550,SAT-1-0,3.089787038,7.331224336,550,right,9.45E-05,0,959.1862323
SAT-0-0,1.885163,1.134780586,550,SAT-71-5,-1.579965323,353.8090231,550,left,9.45E-05,30000,959.324771
SAT-0-0,1.885163,1.134780586,550,SAT-1-0,4.588398608,8.467132452,550,right,9.46E-05,30000,958.7876561
SAT-0-0,3.789115,2.282468374,550,SAT-71-5,-0.059515401,354.9551519,550,left,9.45E-05,60400,959.1975443
SAT-0-0,3.789115,2.282468374,550,SAT-1-0,6.105149479,9.623065867,550,right,9.47E-05,60400,958.1198822
SAT-0-0,5.668015,3.418206469,550,SAT-71-5,1.440954562,356.0861312,550,left,9.46E-05,90400,958.8101285
SAT-0-0,5.668015,3.418206469,550,SAT-1-0,7.599514484,10.77021382,550,right,9.49E-05,90400,957.2028125
SAT-0-0,7.565704,4.570086959,550,SAT-71-5,2.955856843,357.229939,550,left,9.47E-05,120700,958.1561766
SAT-0-0,7.565704,4.570086959,550,SAT-1-0,9.105743726,11.93696396,550,right,9.52E-05,120700,956.0196257
SAT-0-0,9.450867,5.720738519,550,SAT-71-5,4.459593662,358.3692892,550,left,9.49E-05,150800,957.2474767
SAT-0-0,9.450867,5.720738519,550,SAT-1-0,10.59832534,13.10577456,550,right,9.54E-05,150800,954.5927516
SAT-0-0,11.329767,6.875513354,550,SAT-71-5,5.956580637,359.5095011,550,left,9.51E-05,180800,956.0880635
SAT-0-0,11.329767,6.875513354,550,SAT-1-0,12.08161806,14.28207862,550,right,9.58E-05,180800,952.9262454
SAT-0-0,13.208667,8.039868568,550,SAT-71-5,7.451212877,0.655942629,550,left,9.54E-05,210800,954.679417
SAT-0-0,13.208667,8.039868568,550,SAT-1-0,13.55991317,15.4714716,550,right,9.62E-05,210800,951.0216833
SAT-0-0,15.106356,9.227306106,550,SAT-71-5,8.957774837,1.821815079,550,left,9.58E-05,241100,953.0087606
SAT-0-0,15.106356,9.227306106,550,SAT-1-0,15.04720522,16.68785729,550,right,9.66E-05,241100,948.8633469
SAT-0-0,16.991519,10.42004,550,SAT-71-5,10.4507512,2.989586914,550,left,9.61E-05,271200,951.1083807
SAT-0-0,16.991519,10.42004,550,SAT-1-0,16.5181817,17.91310192,550,right,9.71E-05,271200,946.4934588
SAT-0-0,18.920523,11.65594006,550,SAT-71-5,11.97400539,4.196191117,550,left,9.66E-05,302000,948.9225417
SAT-0-0,18.920523,11.65594006,550,SAT-1-0,18.01585429,19.18627213,550,right,9.76E-05,302000,943.8444946
SAT-0-0,20.830738,12.8971164,550,SAT-71-5,13.4772857,5.404499997,550,left,9.71E-05,332500,946.5255575
SAT-0-0,20.830738,12.8971164,550,SAT-1-0,19.49060228,20.46849063,550,right,9.82E-05,332500,941.007987
SAT-0-0,22.73469,14.1533589,550,SAT-71-5,14.96981867,6.624034398,550,left,9.76E-05,362900,943.9151771
SAT-0-0,22.73469,14.1533589,550,SAT-1-0,20.95137045,21.76989305,550,right,9.88E-05,362900,937.9802302
SAT-0-0,24.632379,15.42651948,550,SAT-71-5,16.45090713,7.856543468,550,left,9.82E-05,393200,941.1032694
SAT-0-0,24.632379,15.42651948,550,SAT-1-0,22.39731926,23.09245876,550,right,9.95E-05,393200,934.7746328
SAT-0-0,26.530068,16.72280817,550,SAT-71-5,17.9246843,9.107968306,550,left,9.88E-05,423500,938.0921105
SAT-0-0,26.530068,16.72280817,550,SAT-1-0,23.83228805,24.44272068,550,right,0.000100249,423500,931.3937578
SAT-0-0,28.408968,18.03120417,550,SAT-71-5,19.3758552,10.36762965,550,left,9.95E-05,453500,934.9256059
SAT-0-0,28.408968,18.03120417,550,SAT-1-0,25.24120746,25.80924586,550,right,0.000101008,453500,927.8864348
SAT-0-0,30.300394,19.37564424,550,SAT-71-5,20.82778748,11.6584953,550,left,0.000100213,483700,931.5639001
SAT-0-0,30.300394,19.37564424,550,SAT-1-0,26.6465233,27.21711754,550,right,0.000101814,483700,924.2085753
SAT-0-0,32.19182,20.74985248,550,SAT-71-5,22.26986729,12.97440874,550,left,0.000100975,513900,928.0403303
SAT-0-0,32.19182,20.74985248,550,SAT-1-0,28.037628,28.65989905,550,right,0.000102659,513900,920.3973964
SAT-0-0,34.083246,22.15629115,550,SAT-71-5,23.70112808,14.31763066,550,left,0.000101779,544100,924.3684897
SAT-0-0,34.083246,22.15629115,550,SAT-1-0,29.41326646,30.14027012,550,right,0.000103541,544100,916.4679479
SAT-0-0,35.962146,23.58786277,550,SAT-71-5,25.11118387,15.68132301,550,left,0.000102616,574100,920.5883141
SAT-0-0,35.962146,23.58786277,550,SAT-1-0,30.76315476,31.65080874,550,right,0.000104452,574100,912.4629411
SAT-0-0,37.841046,25.05639462,550,SAT-71-5,26.50847764,17.07669793,550,left,0.000103491,604100,916.6906814
SAT-0-0,37.841046,25.05639462,550,SAT-1-0,32.09504465,33.20402995,550,right,0.000105394,604100,908.3727235
SAT-0-0,39.732472,26.57480865,550,SAT-71-5,27.90103894,18.51591762,550,left,0.000104406,634300,912.6639838
SAT-0-0,39.732472,26.57480865,550,SAT-1-0,33.41610434,34.81369058,550,right,0.000106373,634300,904.1859293
SAT-0-0,41.623898,28.13633111,550,SAT-71-5,29.27826164,19.99245763,550,left,0.000105353,664500,908.5501175
SAT-0-0,41.623898,28.13633111,550,SAT-1-0,34.71573849,36.4726741,550,right,0.000107377,664500,899.9469601
SAT-0-0,43.515324,29.7439546,550,SAT-71-5,30.63881136,21.50909555,550,left,0.00010633,694700,904.3659427
SAT-0-0,43.515324,29.7439546,550,SAT-1-0,35.99217283,38.18415499,550,right,0.000108404,694700,895.6736784
SAT-0-0,45.394224,31.38962618,550,SAT-71-5,31.97243089,23.05823987,550,left,0.000107327,724700,900.1570354
SAT-0-0,45.394224,31.38962618,550,SAT-1-0,37.23530489,39.93947865,550,right,0.000109443,724700,891.4127643
SAT-0-0,47.28565,33.09844168,550,SAT-71-5,33.29537779,24.66351738,550,left,0.000108353,754900,895.8850213
SAT-0-0,47.28565,33.09844168,550,SAT-1-0,38.45968311,41.76531096,550,right,0.000110503,754900,887.1258959
SAT-0-0,49.16455,34.85095823,550,SAT-71-5,34.58850964,26.30670562,550,left,0.000109391,784900,891.6244661
SAT-0-0,49.16455,34.85095823,550,SAT-1-0,39.64694149,43.64070967,550,right,0.000111567,784900,882.8884347
SAT-0-0,51.062239,36.67994024,550,SAT-71-5,35.87150964,28.01860341,550,left,0.000110454,815200,887.3228647
SAT-0-0,51.062239,36.67994024,550,SAT-1-0,40.81439255,45.60049718,550,right,0.000112646,815200,878.6489034
SAT-0-0,52.941139,38.55242065,550,SAT-71-5,37.11710399,29.7685084,550,left,0.000111517,845200,883.08402
SAT-0-0,52.941139,38.55242065,550,SAT-1-0,41.93646606,47.6089996,550,right,0.000113715,845200,874.5101602
SAT-0-0,54.832565,40.50254256,550,SAT-71-5,38.34416062,31.58857329,550,left,0.000112593,875400,878.8561245
SAT-0-0,54.832565,40.50254256,550,SAT-1-0,43.02940838,49.70236019,550,right,0.000114785,875400,870.4219828
SAT-0-0,56.717728,42.51440701,550,SAT-71-5,39.53820835,33.4642701,550,left,0.000113665,905500,874.7003394
SAT-0-0,56.717728,42.51440701,550,SAT-1-0,44.07941396,51.86291368,550,right,0.000115842,905500,866.444261
SAT-0-0,58.596628,44.59032167,550,SAT-71-5,40.69725555,35.39819723,550,left,0.000114729,935500,870.6349399
SAT-0-0,58.596628,44.59032167,550,SAT-1-0,45.0839787,54.09236985,550,right,0.000116878,935500,862.5946118
SAT-0-0,60.494317,46.76148383,550,SAT-71-5,41.83398003,37.41996603,550,left,0.000115793,965800,866.6255322
SAT-0-0,60.494317,46.76148383,550,SAT-1-0,46.05299837,56.42328275,550,right,0.000117902,965800,858.8414185
SAT-0-0,62.373217,48.9873727,550,SAT-71-5,42.92328193,39.49254612,550,left,0.00011683,995800,862.7701651
SAT-0-0,62.373217,48.9873727,550,SAT-1-0,46.9641161,58.8110107,550,right,0.000118887,995800,855.276964
SAT-0-0,64.264643,51.30678498,550,SAT-71-5,43.9807346,41.65293704,550,left,0.000117852,1026000,859.0225152
SAT-0-0,64.264643,51.30678498,550,SAT-1-0,47.82946296,61.29581721,550,right,0.000119843,1026000,851.8586678
SAT-0-0,66.149806,53.69861863,550,SAT-71-5,44.99273839,43.88254284,550,left,0.000118842,1056100,855.4385168
SAT-0-0,66.149806,53.69861863,550,SAT-1-0,48.63682569,63.85349648,550,right,0.000120754,1056100,848.6382312
SAT-0-0,68.041232,56.17966935,550,SAT-71-5,45.96295946,46.1982833,550,left,0.0001198,1086300,852.011997
SAT-0-0,68.041232,56.17966935,550,SAT-1-0,49.38814988,66.50018816,550,right,0.000121621,1086300,845.6105168
SAT-0-0,69.932658,58.74224037,550,SAT-71-5,46.88476991,48.59446748,550,left,0.000120716,1116500,848.7721972
SAT-0-0,69.932658,58.74224037,550,SAT-1-0,50.07723478,69.22560741,550,right,0.000122433,1116500,842.8020002
SAT-0-0,71.811558,61.36775155,550,SAT-71-5,47.74928303,51.05535665,550,left,0.000121579,1146500,845.754867
SAT-0-0,71.811558,61.36775155,550,SAT-1-0,50.69680577,72.00785751,550,right,0.000123179,1146500,840.2434288
SAT-0-0,73.690458,64.07107241,550,SAT-71-5,48.55945128,53.59670572,550,left,0.000122389,1176500,842.9531109
SAT-0-0,73.690458,64.07107241,550,SAT-1-0,51.24844635,74.8604376,550,right,0.000123861,1176500,837.9286271
SAT-0-0,75.588147,66.87736733,550,SAT-71-5,49.31913782,56.24437731,550,left,0.000123146,1206800,840.3566767
SAT-0-0,75.588147,66.87736733,550,SAT-1-0,51.73358485,77.80723233,550,right,0.000124478,1206800,835.8503514
SAT-0-0,77.467047,69.72680255,550,SAT-71-5,50.00991152,58.94414997,550,left,0.000123831,1236800,838.0303067
SAT-0-0,77.467047,69.72680255,550,SAT-1-0,52.13982771,80.78292298,550,right,0.000125013,1236800,834.0606172
SAT-0-0,79.358473,72.66089604,550,SAT-71-5,50.64023044,61.73765693,550,left,0.000124449,1267000,835.9462677
SAT-0-0,79.358473,72.66089604,550,SAT-1-0,52.4718304,83.8285085,550,right,0.000125471,1267000,832.5378416
SAT-0-0,81.249899,75.6538987,550,SAT-71-5,51.20201379,64.60290752,550,left,0.000124991,1297200,834.1319501
SAT-0-0,81.249899,75.6538987,550,SAT-1-0,52.72452789,86.91480847,550,right,0.000125844,1297200,831.3030511
SAT-0-0,83.141325,78.69752517,550,SAT-71-5,51.69217061,67.53431994,550,left,0.000125453,1327400,832.5970462
SAT-0-0,83.141325,78.69752517,550,SAT-1-0,52.8962668,90.03127896,550,right,0.000126129,1327400,830.3629213
SAT-0-0,85.020225,81.76175345,550,SAT-71-5,52.10535358,70.50498379,550,left,0.000125827,1357400,831.3571063
SAT-0-0,85.020225,81.76175345,550,SAT-1-0,52.98557609,93.14579218,550,right,0.000126323,1357400,829.7258021
SAT-0-0,86.899125,84.85628836,550,SAT-71-5,52.44256819,73.5260366,550,left,0.000126116,1387400,830.4076498
SAT-0-0,86.899125,84.85628836,550,SAT-1-0,52.99326295,96.26730307,550,right,0.000126426,1387400,829.3879153
SAT-0-0,88.790551,87.99085636,550,SAT-71-5,52.70317178,76.60877333,550,left,0.000126316,1417600,829.7504034
SAT-0-0,88.790551,87.99085636,550,SAT-1-0,52.91850913,99.40476353,550,right,0.000126437,1417600,829.3518457
SAT-0-0,90.681977,91.13310613,550,SAT-71-5,52.88295826,79.72275997,550,left,0.000126424,1447800,829.3962566
SAT-0-0,90.681977,91.13310613,550,SAT-1-0,52.76149718,102.525485,550,right,0.000126355,1447800,829.62105
SAT-0-0,92.573403,94.27101886,550,SAT-71-5,52.98072678,82.85673423,550,left,0.000126439,1478000,829.3471411
SAT-0-0,92.573403,94.27101886,550,SAT-1-0,52.52328105,105.6180269,550,right,0.000126181,1478000,830.1940591
SAT-0-0,94.452303,97.37209881,550,SAT-71-5,52.9959872,85.97809151,550,left,0.000126362,1508000,829.6006264
SAT-0-0,94.452303,97.37209881,550,SAT-1-0,52.2077894,108.6516124,550,right,0.000125918,1508000,831.0609856
SAT-0-0,96.331203,100.4459126,550,SAT-71-5,52.9295551,89.0957539,550,left,0.000126193,1538000,830.1540177
SAT-0-0,96.331203,100.4459126,550,SAT-1-0,51.81569801,111.6372892,550,right,0.000125568,1538000,832.2199796
SAT-0-0,98.228892,103.5120586,550,SAT-71-5,52.77999214,92.22894717,550,left,0.000125932,1568300,831.014328
SAT-0-0,98.228892,103.5120586,550,SAT-1-0,51.34435858,114.595635,550,right,0.000125128,1568300,833.6807191
SAT-0-0,100.120318,106.5198915,550,SAT-71-5,52.54945946,95.32465146,550,left,0.000125583,1598500,832.1685211
SAT-0-0,100.120318,106.5198915,550,SAT-1-0,50.80201353,117.4797318,550,right,0.000124608,1598500,835.4189481
SAT-0-0,101.999218,109.4516318,550,SAT-71-5,52.24143201,98.36235065,550,left,0.000125152,1628500,833.6021911
SAT-0-0,101.999218,109.4516318,550,SAT-1-0,50.19453336,120.2750968,550,right,0.000124015,1628500,837.4155184
SAT-0-0,103.878118,112.3201583,550,SAT-71-5,51.85659598,101.35301,550,left,0.00012464,1658500,835.3143929
SAT-0-0,103.878118,112.3201583,550,SAT-1-0,49.5217226,122.9965224,550,right,0.00012335,1658500,839.6705537
SAT-0-0,105.757018,115.1195656,550,SAT-71-5,51.39729707,104.2881086,550,left,0.00012405,1688500,837.2960804
SAT-0-0,105.757018,115.1195656,550,SAT-1-0,48.78686713,125.6407393,550,right,0.000122618,1688500,842.172323
SAT-0-0,107.654707,117.8721268,550,SAT-71-5,50.86055165,107.188749,550,left,0.000123382,1718800,839.5605348
SAT-0-0,107.654707,117.8721268,550,SAT-1-0,47.98509759,128.230895,550,right,0.000121817,1718800,844.9364183
SAT-0-0,109.546133,120.5373638,550,SAT-71-5,50.25573191,110.0099126,550,left,0.000122648,1749000,842.0685552
SAT-0-0,109.546133,120.5373638,550,SAT-1-0,47.12984159,130.7309496,550,right,0.000120963,1749000,847.9144388
SAT-0-0,111.437559,123.1222987,550,SAT-71-5,49.58439374,112.7565331,550,left,0.000121853,1779200,844.8140779
SAT-0-0,111.437559,123.1222987,550,SAT-1-0,46.22194771,133.1494967,550,right,0.00012006,1779200,851.0998795
SAT-0-0,113.328985,125.6258389,550,SAT-71-5,48.84987997,115.4251594,550,left,0.000121001,1809400,847.7828932
SAT-0-0,113.328985,125.6258389,550,SAT-1-0,45.26474304,135.4872713,550,right,0.000119113,1809400,854.4766211
SAT-0-0,115.207885,128.0320848,550,SAT-71-5,48.06105473,117.9966791,550,left,0.000120105,1839400,850.9381097
SAT-0-0,115.207885,128.0320848,550,SAT-1-0,44.26824288,137.7309956,550,right,0.000118135,1839400,858.0037277
SAT-0-0,117.086785,130.3585709,550,SAT-71-5,47.21662234,120.4879071,550,left,0.000119167,1869400,854.2829058
SAT-0-0,117.086785,130.3585709,550,SAT-1-0,43.22930918,139.898355,550,right,0.000117128,1869400,861.6857666
SAT-0-0,118.965685,132.606659,550,SAT-71-5,46.31991875,122.8986732,550,left,0.000118191,1899400,857.8007685
SAT-0-0,118.965685,132.606659,550,SAT-1-0,42.15084945,141.9917162,550,right,0.000116097,1899400,865.5050316
SAT-0-0,120.850848,134.7853738,550,SAT-71-5,45.37098327,125.2372593,550,left,0.000117182,1929500,861.4870335
SAT-0-0,120.850848,134.7853738,550,SAT-1-0,41.03185067,144.0203948,550,right,0.000115044,1929500,869.4567088
SAT-0-0,122.748537,136.9031982,550,SAT-71-5,44.36916661,127.5115901,550,left,0.000116141,1959800,865.3382389
SAT-0-0,122.748537,136.9031982,550,SAT-1-0,39.87070947,145.9930455,550,right,0.000113972,1959800,873.5368988
SAT-0-0,124.639963,138.9415269,550,SAT-71-5,43.32727949,129.7006817,550,left,0.000115086,1990000,869.2984511
SAT-0-0,124.639963,138.9415269,550,SAT-1-0,38.68126494,147.8929456,550,right,0.000112896,1990000,877.6866659
SAT-0-0,126.531389,140.9104495,550,SAT-71-5,42.24507044,131.8145481,550,left,0.000114017,2020200,873.3613689
SAT-0-0,126.531389,140.9104495,550,SAT-1-0,37.46209745,149.729962,550,right,0.00011182,2020200,881.9001944
SAT-0-0,128.422815,142.8131081,550,SAT-71-5,41.12537144,133.8559089,550,left,0.000112942,2050400,877.5079864
SAT-0-0,128.422815,142.8131081,550,SAT-1-0,36.21541409,151.5073799,550,right,0.000110748,2050400,886.1583463
SAT-0-0,130.314241,144.6527433,550,SAT-71-5,39.97086102,135.8277326,550,left,0.000111866,2080600,881.719183
SAT-0-0,130.314241,144.6527433,550,SAT-1-0,34.94327798,153.2284832,550,right,0.000109685,2080600,890.4420606
SAT-0-0,132.205667,146.4326395,550,SAT-71-5,38.78406259,137.7331556,550,left,0.000110794,2110800,885.9758195
SAT-0-0,132.205667,146.4326395,550,SAT-1-0,33.64761509,154.8965201,550,right,0.000108636,2110800,894.7324382
SAT-0-0,134.09083,148.150464,550,SAT-71-5,37.57142154,139.569416,550,left,0.000109734,2140900,890.244625
SAT-0-0,134.09083,148.150464,550,SAT-1-0,32.33461799,156.5093989,550,right,0.000107608,2140900,898.9966955
SAT-0-0,135.96973,149.8099784,550,SAT-71-5,36.33542136,141.340374,550,left,0.000108691,2170900,894.50671
SAT-0-0,135.96973,149.8099784,550,SAT-1-0,31.00615212,158.0706752,550,right,0.000106604,2170900,903.2168812
SAT-0-0,137.861156,151.430684,550,SAT-71-5,35.06562713,143.0667062,550,left,0.000107658,2201100,898.7861859
SAT-0-0,137.861156,151.430684,550,SAT-1-0,29.65038508,159.5987251,550,right,0.00010562,2201100,907.4172082
SAT-0-0,139.752582,153.004457,550,SAT-71-5,33.77212819,144.7396647,550,left,0.000106647,2231300,903.0362843
SAT-0-0,139.752582,153.004457,550,SAT-1-0,28.27756559,161.0859021,550,right,0.000104664,2231300,911.5519093
SAT-0-0,141.644008,154.5343167,550,SAT-71-5,32.4567329,146.3624436,550,left,0.000105661,2261500,907.2390276
SAT-0-0,141.644008,154.5343167,550,SAT-1-0,26.88905321,162.5350134,550,right,0.000103739,2261500,915.6039774
SAT-0-0,143.529171,156.0183158,550,SAT-71-5,31.12558137,147.9330154,550,left,0.000104707,2291600,911.3633076
SAT-0-0,143.529171,156.0183158,550,SAT-1-0,25.49078578,163.9441317,550,right,0.000102852,2291600,919.5440546
SAT-0-0,145.420597,157.4691189,550,SAT-71-5,29.77139633,149.4648313,550,left,0.000103781,2321800,915.4195441
SAT-0-0,145.420597,157.4691189,550,SAT-1-0,24.07465698,165.3252034,550,right,0.000101999,2321800,923.3825196
SAT-0-0,147.30576,158.8798022,550,SAT-71-5,28.40460136,150.9506487,550,left,0.000102892,2351900,919.3645165
SAT-0-0,147.30576,158.8798022,550,SAT-1-0,22.65114985,166.6715496,550,right,0.000101187,2351900,927.0788633
SAT-0-0,149.18466,160.2532743,550,SAT-71-5,27.02671447,152.3936502,550,left,0.000102043,2381900,923.1835586
SAT-0-0,149.18466,160.2532743,550,SAT-1-0,21.22141333,167.9858183,550,right,0.000100418,2381900,930.6200761
SAT-0-0,151.076086,161.6055808,550,SAT-71-5,25.62514806,153.8107668,550,left,0.000101226,2412100,926.8991666
SAT-0-0,151.076086,161.6055808,550,SAT-1-0,19.77207089,169.2832846,550,right,9.97E-05,2412100,934.0271535
SAT-0-0,152.954986,162.9211643,550,SAT-71-5,24.21964429,155.1857929,550,left,0.000100456,2442100,930.4477876
SAT-0-0,152.954986,162.9211643,550,SAT-1-0,18.32323197,170.5489264,550,right,9.90E-05,2442100,937.2421126
SAT-0-0,154.846412,164.219844,550,SAT-71-5,22.79257672,156.5395437,550,left,9.97E-05,2472300,933.8629835
SAT-0-0,154.846412,164.219844,550,SAT-1-0,16.85644928,171.8017156,550,right,9.84E-05,2472300,940.295623
SAT-0-0,156.725312,165.486586,550,SAT-71-5,21.36388271,157.8564476,550,left,9.90E-05,2502300,937.0866267
SAT-0-0,156.725312,165.486586,550,SAT-1-0,15.39196842,173.0270586,550,right,9.78E-05,2502300,943.1359427
SAT-0-0,158.604212,166.7321439,550,SAT-71-5,19.9251192,159.1478177,550,left,9.84E-05,2532300,940.1298068
SAT-0-0,158.604212,166.7321439,550,SAT-1-0,13.92087563,174.235237,550,right,9.72E-05,2532300,945.7734822
SAT-0-0,160.483112,167.9585102,550,SAT-71-5,18.47719936,160.4158139,550,left,9.78E-05,2562300,942.9812462
SAT-0-0,160.483112,167.9585102,550,SAT-1-0,12.44390922,175.4281024,550,right,9.67E-05,2562300,948.1986374
SAT-0-0,162.374538,169.1756125,550,SAT-71-5,17.01125223,161.6707558,550,left,9.73E-05,2592500,945.647432
SAT-0-0,162.374538,169.1756125,550,SAT-1-0,10.95187972,176.6152691,550,right,9.63E-05,2592500,950.4165763
SAT-0-0,164.265964,170.3771053,550,SAT-71-5,15.53773533,162.9061508,550,left,9.67E-05,2622700,948.0988565
SAT-0-0,164.265964,170.3771053,550,SAT-1-0,9.455308293,177.7905113,550,right,9.59E-05,2622700,952.4023411
SAT-0-0,166.144864,171.5569962,550,SAT-71-5,14.06726569,164.1159501,550,left,9.63E-05,2652700,950.3125398
SAT-0-0,166.144864,171.5569962,550,SAT-1-0,7.964812539,178.9478727,550,right,9.55E-05,2652700,954.1379891
SAT-0-0,168.03629,172.7327858,550,SAT-71-5,12.58098946,165.3181695,550,left,9.59E-05,2682900,952.3099342
SAT-0-0,168.03629,172.7327858,550,SAT-1-0,6.461164839,180.1044644,550,right,9.52E-05,2682900,955.640415
SAT-0-0,169.927716,173.8982959,550,SAT-71-5,11.08941248,166.5065223,550,left,9.55E-05,2713100,954.068309
SAT-0-0,169.927716,173.8982959,550,SAT-1-0,4.954922124,181.2541946,550,right,9.50E-05,2713100,956.8918718
SAT-0-0,171.806616,175.0475803,550,SAT-71-5,9.603152951,167.6750353,550,left,9.52E-05,2743100,955.57214
SAT-0-0,171.806616,175.0475803,550,SAT-1-0,3.456696625,182.3911259,550,right,9.48E-05,2743100,957.8821513
SAT-0-0,173.698042,176.1976106,550,SAT-71-5,8.103062076,168.8410125,550,left,9.50E-05,2773300,956.8360901
SAT-0-0,173.698042,176.1976106,550,SAT-1-0,1.947117264,183.5320162,550,right,9.46E-05,2773300,958.6209354
SAT-0-0,175.589468,177.342328,550,SAT-71-5,6.599684783,169.9983186,550,left,9.48E-05,2803500,957.8448092
SAT-0-0,175.589468,177.342328,550,SAT-1-0,0.436767873,184.6708636,550,right,9.45E-05,2803500,959.0981541
SAT-0-0,177.480894,178.4833409,550,SAT-71-5,5.093654882,171.148612,550,left,9.46E-05,2833700,958.5947133
SAT-0-0,177.480894,178.4833409,550,SAT-1-0,-1.073753994,185.8092533,550,right,9.45E-05,2833700,959.3121192
SAT-0-0,179.366057,179.6184736,550,SAT-71-5,3.59058861,172.2897392,550,left,9.45E-05,2863800,959.081961
SAT-0-0,179.366057,179.6184736,550,SAT-1-0,-2.578852711,186.9449918,550,right,9.45E-05,2863800,959.2626759
SAT-0-0,181.257483,180.7568497,550,SAT-71-5,2.08110655,173.4308876,550,left,9.45E-05,2894000,959.3080653
SAT-0-0,181.257483,180.7568497,550,SAT-1-0,-4.087931736,188.0872089,550,right,9.46E-05,2894000,958.9496706
SAT-0-0,183.148909,181.8962784,550,SAT-71-5,0.570801291,174.5698521,550,left,9.45E-05,2924200,959.2701742
SAT-0-0,183.148909,181.8962784,550,SAT-1-0,-5.595385581,189.2337326,550,right,9.47E-05,2924200,958.3739368
SAT-0-0,185.034072,183.0345594,550,SAT-71-5,-0.934727913,175.7044482,550,left,9.46E-05,2954300,958.9698552
SAT-0-0,185.034072,183.0345594,550,SAT-1-0,-7.0956219,190.3823511,550,right,9.48E-05,2954300,957.5407089
SAT-0-0,186.925498,184.1808497,550,SAT-71-5,-2.444889608,176.8437937,550,left,9.47E-05,2984500,958.406175
SAT-0-0,186.925498,184.1808497,550,SAT-1-0,-8.597986576,191.542331,550,right,9.51E-05,2984500,956.4474074
SAT-0-0,188.810661,185.329161,550,SAT-71-5,-3.949088486,177.9819189,550,left,9.48E-05,3014600,957.5848473
SAT-0-0,188.810661,185.329161,550,SAT-1-0,-10.09189564,192.7076474,550,right,9.53E-05,3014600,955.1051334
SAT-0-0,190.695824,186.4849028,550,SAT-71-5,-5.451728475,179.1241755,550,left,9.51E-05,3044700,956.5073319
SAT-0-0,190.695824,186.4849028,550,SAT-1-0,-11.58167795,193.8838164,550,right,9.57E-05,3044700,953.5154491
SAT-0-0,192.574724,187.6458395,550,SAT-71-5,-6.947223287,180.2683362,550,left,9.53E-05,3074700,955.1822662
SAT-0-0,192.574724,187.6458395,550,SAT-1-0,-13.06173614,195.0685968,550,right,9.60E-05,3074700,951.6904927
SAT-0-0,194.459887,188.8213923,550,SAT-71-5,-8.444927852,181.4236446,550,left,9.56E-05,3104800,953.6055162
SAT-0-0,194.459887,188.8213923,550,SAT-1-0,-14.54124135,196.2716622,550,right,9.64E-05,3104800,949.6246322
SAT-0-0,196.338787,190.0054666,550,SAT-71-5,-9.934264035,182.5840616,550,left,9.60E-05,3134800,951.7931315
SAT-0-0,196.338787,190.0054666,550,SAT-1-0,-16.00964121,197.4868408,550,right,9.69E-05,3134800,947.3389758
SAT-0-0,198.230213,191.2117482,550,SAT-71-5,-11.42945715,183.7629263,550,left,9.64E-05,3165000,949.7323096
SAT-0-0,198.230213,191.2117482,550,SAT-1-0,-17.48082594,198.7282687,550,right,9.74E-05,3165000,944.8178668
SAT-0-0,200.115376,192.4301608,550,SAT-71-5,-12.91496278,184.9503105,550,left,9.69E-05,3195100,947.4497513
SAT-0-0,200.115376,192.4301608,550,SAT-1-0,-18.93934712,199.9856733,550,right,9.80E-05,3195100,942.0944381
SAT-0-0,202.006802,193.6707078,550,SAT-71-5,-14.39995123,186.1558912,550,left,9.74E-05,3225300,944.938615
SAT-0-0,202.006802,193.6707078,550,SAT-1-0,-20.39404967,201.2694654,550,right,9.86E-05,3225300,939.1606792
SAT-0-0,203.898228,194.9313517,550,SAT-71-5,-15.87874781,187.3775932,550,left,9.80E-05,3255500,942.2153265
SAT-0-0,203.898228,194.9313517,550,SAT-1-0,-21.83917822,202.5776463,550,right,9.93E-05,3255500,936.0362436
SAT-0-0,205.783391,196.2098639,550,SAT-71-5,-17.34572668,188.6131896,550,left,9.86E-05,3285600,939.2999696
SAT-0-0,205.783391,196.2098639,550,SAT-1-0,-23.26905135,203.9079826,550,right,1.00E-04,3285600,932.7441207
SAT-0-0,207.668554,197.5125037,550,SAT-71-5,-18.80500088,189.8686576,550,left,9.92E-05,3315700,936.1946776
SAT-0-0,207.668554,197.5125037,550,SAT-1-0,-24.68747223,205.2670689,550,right,0.000100704,3315700,929.2867132
SAT-0-0,209.553717,198.8414777,550,SAT-71-5,-20.25573433,191.1460313,550,left,9.99E-05,3345800,932.9110653
SAT-0-0,209.553717,198.8414777,550,SAT-1-0,-26.09337846,206.6573077,550,right,0.000101491,3345800,925.6772214
SAT-0-0,211.43888,200.1990852,550,SAT-71-5,-21.69704422,192.4474257,550,left,0.000100666,3375900,929.4615345
SAT-0-0,211.43888,200.1990852,550,SAT-1-0,-27.48563719,208.0812043,550,right,0.000102318,3375900,921.9295776
SAT-0-0,213.324043,201.587724,550,SAT-71-5,-23.12799576,193.7750429,550,left,0.000101451,3406000,925.8592486
SAT-0-0,213.324043,201.587724,550,SAT-1-0,-28.8630384,209.5413692,550,right,0.000103182,3406000,918.058414
SAT-0-0,215.202943,203.0051109,550,SAT-71-5,-24.54290029,195.1266223,550,left,0.000102273,3436000,922.1307475
SAT-0-0,215.202943,203.0051109,550,SAT-1-0,-30.21979365,211.035472,550,right,0.00010408,3436000,914.0924091
SAT-0-0,217.094369,204.4682008,550,SAT-71-5,-25.95479106,196.5182225,550,left,0.000103139,3466200,918.2527002
SAT-0-0,217.094369,204.4682008,550,SAT-1-0,-31.56799952,212.5814816,550,right,0.000105016,3466200,910.0073366
SAT-0-0,218.985795,205.9703983,550,SAT-71-5,-27.3530597,197.9434501,550,left,0.00010404,3496400,914.264932
SAT-0-0,218.985795,205.9703983,550,SAT-1-0,-32.89705558,214.1725274,550,right,0.000105983,3496400,905.8459577
SAT-0-0,220.870958,207.5093654,550,SAT-71-5,-28.73193697,199.4000292,550,left,0.000104972,3526500,910.1971448
SAT-0-0,220.870958,207.5093654,550,SAT-1-0,-34.20105698,215.8061543,550,right,0.000106974,3526500,901.6395293
SAT-0-0,222.756121,209.0929335,550,SAT-71-5,-30.09479013,200.8953298,550,left,0.000105935,3556600,906.0527815
SAT-0-0,222.756121,209.0929335,550,SAT-1-0,-35.48272848,217.4906674,550,right,0.000107989,3556600,897.3919002
SAT-0-0,224.641284,210.7241232,550,SAT-71-5,-31.44024232,202.4321661,550,left,0.000106925,3586700,901.848851
SAT-0-0,224.641284,210.7241232,550,SAT-1-0,-36.74023814,219.2292506,550,right,0.000109025,3586700,893.1210012
SAT-0-0,226.53271,212.411719,550,SAT-71-5,-32.77119204,204.0187871,550,left,0.000107942,3616900,897.588686
SAT-0-0,226.53271,212.411719,550,SAT-1-0,-37.97566804,221.031204,550,right,0.00011008,3616900,888.8309243
SAT-0-0,228.424136,214.1535955,550,SAT-71-5,-34.08154142,205.6532044,550,left,0.00010898,3647100,893.3042545
SAT-0-0,228.424136,214.1535955,550,SAT-1-0,-39.18267649,222.8941325,550,right,0.000111147,3647100,884.5545866
SAT-0-0,230.309299,215.946961,550,SAT-71-5,-35.36534993,207.3328856,550,left,0.000110031,3677200,889.0282054
SAT-0-0,230.309299,215.946961,550,SAT-1-0,-40.35515258,224.8148188,550,right,0.000112217,3677200,880.3249346
SAT-0-0,232.194462,217.8007481,550,SAT-71-5,-36.62517115,209.0663404,550,left,0.000111094,3707300,884.7649419
SAT-0-0,232.194462,217.8007481,550,SAT-1-0,-41.49474483,226.8025079,550,right,0.00011329,3707300,876.1466863
SAT-0-0,234.073362,219.7117205,550,SAT-71-5,-37.85500037,210.8507535,550,left,0.000112161,3737300,880.5472232
SAT-0-0,234.073362,219.7117205,550,SAT-1-0,-42.59529775,228.8533033,550,right,0.000114356,3737300,872.0523056
SAT-0-0,235.964788,221.7024992,550,SAT-71-5,-39.06491154,212.7075197,550,left,0.000113237,3767500,876.3519989
SAT-0-0,235.964788,221.7024992,550,SAT-1-0,-43.66492976,230.9909403,550,right,0.000115421,3767500,868.0201676
SAT-0-0,237.843688,223.7497694,550,SAT-71-5,-40.23665716,214.6152763,550,left,0.000114304,3797500,872.2537049
SAT-0-0,237.843688,223.7497694,550,SAT-1-0,-44.68663463,233.1896894,550,right,0.000116465,3797500,864.1223553
SAT-0-0,239.728851,225.8765309,550,SAT-71-5,-41.37972844,216.5959669,550,left,0.000115366,3827600,868.2298911
SAT-0-0,239.728851,225.8765309,550,SAT-1-0,-45.66784405,235.4733833,550,right,0.000117492,3827600,860.3378365
SAT-0-0,241.607751,228.0712452,550,SAT-71-5,-42.48401531,218.639483,550,left,0.00011641,3857600,864.3259295
SAT-0-0,241.607751,228.0712452,550,SAT-1-0,-46.59893525,237.8285801,550,right,0.000118489,3857600,856.7097912
SAT-0-0,243.486651,230.3430805,550,SAT-71-5,-43.55071153,220.755156,550,left,0.000117435,3887600,860.5466413
SAT-0-0,243.486651,230.3430805,550,SAT-1-0,-47.48003619,240.2638697,550,right,0.000119454,3887600,853.2429569
SAT-0-0,245.378077,232.7097324,550,SAT-71-5,-44.58370922,222.9604475,550,left,0.00011844,3917800,856.8863065
SAT-0-0,245.378077,232.7097324,550,SAT-1-0,-48.31318571,242.7967033,550,right,0.000120386,3917800,849.9330121
SAT-0-0,247.269503,235.1575069,550,SAT-71-5,-45.57275809,225.2437895,550,left,0.000119413,3948000,853.3884688
SAT-0-0,247.269503,235.1575069,550,SAT-1-0,-49.08892194,245.4106575,550,right,0.000121273,3948000,846.820251
SAT-0-0,249.154666,237.6783492,550,SAT-71-5,-46.51167619,227.5990399,550,left,0.000120345,3978100,850.0811385
SAT-0-0,249.154666,237.6783492,550,SAT-1-0,-49.80154963,248.0952123,550,right,0.000122106,3978100,843.9297248
SAT-0-0,251.039829,240.2798183,550,SAT-71-5,-47.40058423,230.0348375,550,left,0.000121231,4008200,846.9689454
SAT-0-0,251.039829,240.2798183,550,SAT-1-0,-50.45036911,250.8563071,550,right,0.00012288,4008200,841.2655465
SAT-0-0,252.931255,242.9695433,550,SAT-71-5,-48.23884601,232.5601672,550,left,0.000122068,4038400,844.05832
SAT-0-0,252.931255,242.9695433,550,SAT-1-0,-51.03392249,253.6996629,550,right,0.000123594,4038400,838.8338179
SAT-0-0,254.822681,245.7364635,550,SAT-71-5,-49.02001031,235.1666998,550,left,0.000122848,4068600,841.3748842
SAT-0-0,254.822681,245.7364635,550,SAT-1-0,-51.54679267,256.6110706,550,right,0.000124238,4068600,836.6565219
SAT-0-0,256.714107,248.5767883,550,SAT-71-5,-49.74064443,237.8530625,550,left,0.000123565,4098800,838.932564
SAT-0-0,256.714107,248.5767883,550,SAT-1-0,-51.98605002,259.584022,550,right,0.000124808,4098800,834.7451711
SAT-0-0,258.59927,251.4756757,550,SAT-71-5,-50.39527917,240.6074789,550,left,0.00012421,4128900,836.7509708
SAT-0-0,258.59927,251.4756757,550,SAT-1-0,-52.34798614,262.6005842,550,right,0.000125297,4128900,833.1148996
SAT-0-0,260.490696,254.4459567,550,SAT-71-5,-50.98495489,243.4445272,550,left,0.000124783,4159100,834.8271466
SAT-0-0,260.490696,254.4459567,550,SAT-1-0,-52.63274142,265.6717561,550,right,0.000125704,4159100,831.7636259
SAT-0-0,262.382122,257.4703382,550,SAT-71-5,-51.50421922,246.3501398,550,left,0.000125278,4189300,833.1790144
SAT-0-0,262.382122,257.4703382,550,SAT-1-0,-52.8371438,268.7774391,550,right,0.000126025,4189300,830.7045192
SAT-0-0,264.273548,260.5398027,550,SAT-71-5,-51.9501198,249.3179279,550,left,0.000125689,4219500,831.8154135
SAT-0-0,264.273548,260.5398027,550,SAT-1-0,-52.95983641,271.9065889,550,right,0.000126257,4219500,829.9433202
SAT-0-0,266.158711,263.6339067,550,SAT-71-5,-52.31889615,252.3300868,550,left,0.000126013,4249600,830.7467598
SAT-0-0,266.158711,263.6339067,550,SAT-1-0,-52.99999422,275.0371333,550,right,0.000126396,4249600,829.4851882
SAT-0-0,268.043874,266.7518433,550,SAT-71-5,-52.60986433,255.3874689,550,left,0.000126247,4279700,829.9738172
SAT-0-0,268.043874,266.7518433,550,SAT-1-0,-52.95788712,278.1675364,550,right,0.000126444,4279700,829.3295896
SAT-0-0,269.929037,269.8820851,550,SAT-71-5,-52.82115966,258.4801038,550,left,0.000126392,4309800,829.5007617
SAT-0-0,269.929037,269.8820851,550,SAT-1-0,-52.83380009,281.2859372,550,right,0.000126399,4309800,829.4773681
SAT-0-0,271.8142,273.0127756,550,SAT-71-5,-52.95139162,261.5971278,550,left,0.000126444,4339900,829.3301551
SAT-0-0,271.8142,273.0127756,550,SAT-1-0,-52.62856552,284.380796,550,right,0.000126262,4339900,829.9277224
SAT-0-0,273.705626,276.1423768,550,SAT-71-5,-52.99971086,264.7374448,550,left,0.000126403,4370100,829.463869
SAT-0-0,273.705626,276.1423768,550,SAT-1-0,-52.34245825,287.4512902,550,right,0.000126033,4370100,830.6812026
SAT-0-0,275.590789,279.238569,550,SAT-71-5,-52.96547069,267.868377,550,left,0.00012627,4400200,829.900293
SAT-0-0,275.590789,279.238569,550,SAT-1-0,-51.97920965,290.467014,550,right,0.000125716,4400200,831.7287495
SAT-0-0,277.475952,282.3007847,550,SAT-71-5,-52.84919935,270.9884327,550,left,0.000126047,4430300,830.637002
SAT-0-0,277.475952,282.3007847,550,SAT-1-0,-51.54025902,293.4292373,550,right,0.000125313,4430300,833.0667199
SAT-0-0,279.361115,285.3189335,550,SAT-71-5,-52.65167777,274.0860282,550,left,0.000125734,4460400,831.6700143
SAT-0-0,279.361115,285.3189335,550,SAT-1-0,-51.02822013,296.3302256,550,right,0.000124827,4460400,834.6879417
SAT-0-0,281.246278,288.2839974,550,SAT-71-5,-52.37421063,277.1501711,550,left,0.000125335,4490500,832.993766
SAT-0-0,281.246278,288.2839974,550,SAT-1-0,-50.44599676,299.163551,550,right,0.000124262,4490500,836.5837729
SAT-0-0,283.137704,291.1977182,550,SAT-71-5,-52.01727583,280.1806747,550,left,0.000124851,4520700,834.6069628
SAT-0-0,283.137704,291.1977182,550,SAT-1-0,-49.79444748,301.9331599,550,right,0.00012362,4520700,838.7517817
SAT-0-0,285.016604,294.0249841,550,SAT-71-5,-51.58701743,283.1386081,550,left,0.000124291,4550700,836.4836228
SAT-0-0,285.016604,294.0249841,550,SAT-1-0,-49.08364412,304.6081154,550,right,0.000122914,4550700,841.1577984
SAT-0-0,286.90803,296.798307,550,SAT-71-5,-51.08029193,286.0555171,550,left,0.000123654,4580900,838.6387509
SAT-0-0,286.90803,296.798307,550,SAT-1-0,-48.30748969,307.2214996,550,right,0.00012214,4580900,843.8212727
SAT-0-0,288.793193,299.485909,550,SAT-71-5,-50.50465108,288.8955574,550,left,0.000122948,4611000,841.0409491
SAT-0-0,288.793193,299.485909,550,SAT-1-0,-47.47679726,309.7455064,550,right,0.00012131,4611000,846.7032245
SAT-0-0,290.678356,302.0944673,550,SAT-71-5,-49.86164308,291.6632667,550,left,0.000122179,4641100,843.6844006
SAT-0-0,290.678356,302.0944673,550,SAT-1-0,-46.59247777,312.1884735,550,right,0.000120428,4641100,849.797364
SAT-0-0,292.557256,304.6142168,550,SAT-71-5,-49.15698391,294.3459104,550,left,0.000121355,4671100,846.5455602
SAT-0-0,292.557256,304.6142168,550,SAT-1-0,-45.66104221,314.5431033,550,right,0.000119504,4671100,853.0768248
SAT-0-0,294.448682,307.0694565,550,SAT-71-5,-48.38667803,296.9672375,550,left,0.000120473,4701300,849.6394568
SAT-0-0,294.448682,307.0694565,550,SAT-1-0,-44.67617399,316.8336931,550,right,0.000118534,4701300,856.5589026
SAT-0-0,296.333845,309.4357712,550,SAT-71-5,-47.56147779,299.4992576,550,left,0.000119548,4731400,852.9208087
SAT-0-0,296.333845,309.4357712,550,SAT-1-0,-43.65055159,319.0388456,550,right,0.000117535,4731400,860.1927664
SAT-0-0,298.219008,311.722542,550,SAT-71-5,-46.68231755,301.9502417,550,left,0.000118583,4761500,856.3831275
SAT-0-0,298.219008,311.722542,550,SAT-1-0,-42.58398326,321.1685064,550,right,0.000116509,4761500,863.9719714
SAT-0-0,300.104171,313.9314924,550,SAT-71-5,-45.75253069,304.3205282,550,left,0.000117585,4791600,860.0093336
SAT-0-0,300.104171,313.9314924,550,SAT-1-0,-41.47931876,323.2252746,550,right,0.000115463,4791600,867.8783694
SAT-0-0,301.995597,316.0717957,550,SAT-71-5,-44.77204302,306.6186793,550,left,0.000116557,4821800,863.7945248
SAT-0-0,301.995597,316.0717957,550,SAT-1-0,-40.33541401,325.2185091,550,right,0.000114398,4821800,871.9069567
SAT-0-0,303.887023,318.1385938,550,SAT-71-5,-43.74702851,308.8384008,550,left,0.000115508,4852000,867.7086076
SAT-0-0,303.887023,318.1385938,550,SAT-1-0,-39.15844891,327.1443486,550,right,0.000113325,4852000,876.0260161
SAT-0-0,305.778449,320.1347767,550,SAT-71-5,-42.68052313,310.9819039,550,left,0.000114444,4882200,871.7329076
SAT-0-0,305.778449,320.1347767,550,SAT-1-0,-37.95084089,329.0060055,550,right,0.000112249,4882200,880.2164565
SAT-0-0,307.669875,322.0634296,550,SAT-71-5,-41.5754186,313.051784,550,left,0.000113371,4912400,875.8484924
SAT-0-0,307.669875,322.0634296,550,SAT-1-0,-36.71485599,330.8067541,550,right,0.000111174,4912400,884.4591346
SAT-0-0,309.555038,323.9216904,550,SAT-71-5,-40.43828927,315.0444148,550,left,0.000112298,4942500,880.0223105
SAT-0-0,309.555038,323.9216904,550,SAT-1-0,-35.45683462,332.5442028,550,right,0.000110111,4942500,888.720756
SAT-0-0,311.440201,325.7192952,550,SAT-71-5,-39.26809779,316.9698177,550,left,0.000111227,4972600,884.2488958
SAT-0-0,311.440201,325.7192952,550,SAT-1-0,-34.17469003,334.2276469,550,right,0.000109059,4972600,892.9965077
SAT-0-0,313.325364,327.4595007,550,SAT-71-5,-38.06725137,318.8311653,550,left,0.000110163,5002700,888.5093312
SAT-0-0,313.325364,327.4595007,550,SAT-1-0,-32.87025158,335.8602691,550,right,0.000108023,5002700,897.2678119
SAT-0-0,315.210527,329.1455425,550,SAT-71-5,-36.83800748,320.6316958,550,left,0.00010911,5032800,892.7848226
SAT-0-0,315.210527,329.1455425,550,SAT-1-0,-31.54522537,337.4451803,550,right,0.000107007,5032800,901.5163736
SAT-0-0,317.101953,330.7859571,550,SAT-71-5,-35.57826584,322.3803642,550,left,0.00010807,5063000,897.070946
SAT-0-0,317.101953,330.7859571,550,SAT-1-0,-30.19670708,338.9904498,550,right,0.000106012,5063000,905.7381432
SAT-0-0,318.987116,332.373004,550,SAT-71-5,-34.29834802,324.0688364,550,left,0.000107053,5093100,901.3209559
SAT-0-0,318.987116,332.373004,550,SAT-1-0,-28.83511486,340.4887782,550,right,0.000105047,5093100,909.8875895
SAT-0-0,320.872279,333.9152259,550,SAT-71-5,-32.99596678,325.706185,550,left,0.00010606,5123200,905.5311013
SAT-0-0,320.872279,333.9152259,550,SAT-1-0,-27.45739813,341.948177,550,right,0.000104113,5123200,913.9617223
SAT-0-0,322.757442,335.4155537,550,SAT-71-5,-31.67283967,327.2955286,550,left,0.000105094,5153300,909.6838368
SAT-0-0,322.757442,335.4155537,550,SAT-1-0,-26.06484937,343.3713617,550,right,0.000103211,5153300,917.9440244
SAT-0-0,324.642605,336.8768146,550,SAT-71-5,-30.33056821,328.8398994,550,left,0.000104158,5183400,913.7620905
SAT-0-0,324.642605,336.8768146,550,SAT-1-0,-24.65867695,344.7609408,550,right,0.000102345,5183400,921.8185578
SAT-0-0,326.527768,338.3017295,550,SAT-71-5,-28.97064595,330.3422334,550,left,0.000103255,5213500,917.7493178
SAT-0-0,326.527768,338.3017295,550,SAT-1-0,-23.24001221,346.1194173,550,right,0.000101517,5213500,925.5700074
SAT-0-0,328.419194,339.6974807,550,SAT-71-5,-27.58986873,331.8101617,550,left,0.000102384,5243700,921.6422466
SAT-0-0,328.419194,339.6974807,550,SAT-1-0,-21.80514713,347.4535644,550,right,0.000100727,5243700,929.1954817
SAT-0-0,330.31062,341.0618083,550,SAT-71-5,-26.19404003,333.2413781,550,left,0.000101552,5273900,925.4119703
SAT-0-0,330.31062,341.0618083,550,SAT-1-0,-20.35978161,348.7611436,550,right,1.00E-04,5273900,932.6682125
SAT-0-0,332.202046,342.3971412,550,SAT-71-5,-24.78438796,334.6385271,550,left,0.000100759,5304100,929.0436597
SAT-0-0,332.202046,342.3971412,550,SAT-1-0,-18.90486387,350.0443857,550,right,9.93E-05,5304100,935.9748492
SAT-0-0,334.093472,343.7058089,550,SAT-71-5,-23.36206197,336.0041464,550,left,0.000100009,5334300,932.5231926
SAT-0-0,334.093472,343.7058089,550,SAT-1-0,-17.44128907,351.3054327,550,right,9.86E-05,5334300,939.1028113
SAT-0-0,335.978635,344.9858315,550,SAT-71-5,-21.93290575,337.3362892,550,left,9.93E-05,5364400,935.8264999
SAT-0-0,335.978635,344.9858315,550,SAT-1-0,-15.97478879,352.5422665,550,right,9.80E-05,5364400,942.0309132
SAT-0-0,337.863798,346.2437098,550,SAT-71-5,-20.49323224,338.6418388,550,left,9.86E-05,5394500,938.9528713
SAT-0-0,337.863798,346.2437098,550,SAT-1-0,-14.50132741,353.7610623,550,right,9.74E-05,5394500,944.7589549
