index,source,destination,hops,fail count,delay,overhead_signal
0,SAT-17-19,SAT-18-16,5,0,20.93184309610833,0
1,SAT-71-12,SAT-57-4,23,0,69.7879776559177,0
2,SAT-4-16,SAT-40-11,42,0,77.20646775317384,0
3,SAT-23-20,SAT-61-2,39,0,87.98672340642219,0
4,SAT-12-2,SAT-71-1,15,0,30.16564955296353,0
5,SAT-34-0,SAT-40-11,18,3,83.11818308835636,14256
6,SAT-56-8,SAT-25-4,40,3,108.7844218042898,14256
7,SAT-63-12,SAT-4-16,84,3,483.2385031425119,14256
8,SAT-18-16,SAT-23-20,10,4,35.345793695647586,19008
9,SAT-2-10,SAT-71-1,13,3,64.54151477693095,14256
10,SAT-56-8,SAT-18-16,43,0,94.41865302898971,0
11,SAT-23-20,SAT-22-2,6,0,28.07953588406734,0
12,SAT-12-2,SAT-4-16,17,0,62.38711190944797,0
13,SAT-40-11,SAT-21-15,24,0,56.72120067618472,0
14,SAT-67-17,SAT-70-14,7,0,23.395166966042957,0
15,SAT-70-14,SAT-51-21,27,4,80.49629338535912,19008
16,SAT-35-12,SAT-23-20,21,4,74.34058800018465,19008
17,SAT-60-8,SAT-43-15,69,2,365.7111273450583,9504
18,SAT-12-2,SAT-35-4,36,5,120.59810487392237,23760
19,SAT-22-2,SAT-71-1,25,0,48.269991499410445,0
20,SAT-15-16,SAT-18-16,26,0,148.15499849336518,0
21,SAT-41-0,SAT-57-4,23,1,59.10005294181046,4752
22,SAT-33-7,SAT-48-15,46,1,221.00992637664808,4752
23,SAT-4-16,SAT-35-20,36,0,69.23659946438043,0
24,SAT-71-12,SAT-5-11,8,0,18.322950025748963,0
25,SAT-15-16,SAT-2-9,21,3,69.51794014104753,14256
26,SAT-59-10,SAT-65-2,15,3,63.40191172291578,14256
27,SAT-22-2,SAT-28-16,21,3,102.80035155049225,14256
28,SAT-21-5,SAT-60-8,39,4,92.85414144245215,19008
29,SAT-71-12,SAT-4-8,22,6,114.12138838977052,28512
30,SAT-58-12,SAT-10-1,36,1,115.69599765110385,4752
31,SAT-53-9,SAT-17-19,69,3,275.1971116571558,14256
32,SAT-36-18,SAT-57-4,94,5,510.81361198556147,23760
33,SAT-40-20,SAT-60-0,23,0,49.52389070921907,0
34,SAT-35-12,SAT-15-16,33,3,114.75611695188016,14256
35,SAT-61-2,SAT-25-14,49,3,143.96946696707465,14256
36,SAT-35-10,SAT-50-0,26,3,92.81931109259408,14256
37,SAT-65-2,SAT-62-11,13,4,64.5584246891955,19008
38,SAT-27-1,SAT-23-20,8,0,26.98023984423006,0
39,SAT-4-8,SAT-71-15,57,2,343.93848677216556,9504
40,SAT-40-11,SAT-22-2,28,0,91.67108618227303,0
41,SAT-61-20,SAT-54-3,45,6,255.1128919426167,28512
42,SAT-65-2,SAT-19-5,38,2,118.98446617788089,9504
43,SAT-46-13,SAT-21-9,30,0,71.5064966085354,0
44,SAT-48-15,SAT-32-5,93,3,528.1821860164667,14256
45,SAT-15-16,SAT-32-12,22,3,57.01724943004179,14256
46,SAT-9-21,SAT-70-14,21,3,78.99576866263347,14256
47,SAT-10-16,SAT-25-14,20,0,53.39941144435699,0
48,SAT-29-7,SAT-60-8,35,1,76.170500400127,4752
49,SAT-33-7,SAT-23-20,20,3,77.18684966979086,14256
50,SAT-51-9,SAT-10-1,40,3,108.5855219712129,14256
51,SAT-20-18,SAT-61-20,34,2,69.62573521253798,9504
52,SAT-62-15,SAT-53-9,16,2,55.672259821447994,9504
53,SAT-61-2,SAT-35-10,35,3,99.91241343742374,14256
54,SAT-21-17,SAT-50-0,35,3,85.68025048525031,14256
55,SAT-41-18,SAT-64-6,100,4,540.977041317088,19008
56,SAT-67-19,SAT-48-15,28,3,86.44061617253796,14256
57,SAT-70-21,SAT-46-13,33,0,95.91088087908614,0
58,SAT-1-2,SAT-24-17,61,5,284.52918888838605,23760
59,SAT-4-8,SAT-58-8,31,3,111.3316004868902,14256
60,SAT-51-21,SAT-20-18,79,2,365.15722335686104,9504
61,SAT-22-16,SAT-64-6,41,0,119.86704045321643,0
62,SAT-18-4,SAT-46-3,32,2,70.2886623827834,9504
63,SAT-43-2,SAT-24-18,70,2,362.97149693225714,9504
64,SAT-5-11,SAT-21-21,27,4,94.8439948304834,19008
65,SAT-61-20,SAT-28-16,44,3,125.2635896352487,14256
66,SAT-68-16,SAT-21-21,31,3,78.44304869484664,14256
67,SAT-21-17,SAT-5-15,23,2,68.08246127322313,9504
68,SAT-6-5,SAT-60-8,24,4,65.67196435338991,19008
69,SAT-2-9,SAT-71-1,12,3,57.94939158124861,14256
70,SAT-67-20,SAT-50-0,20,0,44.16010320039027,0
71,SAT-39-4,SAT-70-8,38,4,95.97761557230858,19008
72,SAT-50-10,SAT-44-5,40,4,227.52337243190976,19008
73,SAT-19-5,SAT-68-16,35,0,113.75296097481159,0
74,SAT-21-15,SAT-35-10,20,2,58.10659107687503,9504
75,SAT-44-1,SAT-45-8,11,4,60.92348751110552,19008
76,SAT-67-19,SAT-70-15,12,3,57.945065154660995,14256
77,SAT-18-4,SAT-60-16,85,2,409.36079154043784,9504
78,SAT-40-11,SAT-22-16,90,3,498.484721848384,14256
79,SAT-51-16,SAT-67-20,21,3,55.478870867584305,14256
80,SAT-44-1,SAT-54-3,25,2,110.19489116047494,9504
81,SAT-15-17,SAT-2-9,22,3,75.98171289835985,14256
82,SAT-24-17,SAT-41-4,27,3,90.14849673145504,14256
83,SAT-23-20,SAT-21-7,36,4,220.3444586975614,19008
84,SAT-54-2,SAT-32-21,26,0,59.38461341289184,0
85,SAT-17-19,SAT-23-6,40,3,227.65468420510027,14256
86,SAT-52-7,SAT-44-5,39,4,211.4174637980697,19008
87,SAT-66-5,SAT-12-2,22,3,52.15606539921002,14256
88,SAT-27-6,SAT-25-4,9,3,43.004755992624226,14256
89,SAT-15-15,SAT-32-3,28,2,95.52717797578511,9504
90,SAT-43-2,SAT-44-18,52,2,330.14823277193926,9504
91,SAT-40-11,SAT-20-20,30,4,95.65567725076521,19008
92,SAT-18-9,SAT-44-5,97,3,507.1738874172767,14256
93,SAT-70-13,SAT-66-5,79,3,493.2256947086531,14256
94,SAT-45-1,SAT-33-7,23,4,87.16809204347246,19008
95,SAT-2-9,SAT-28-16,100,3,526.1921022970695,14256
96,SAT-51-9,SAT-23-20,40,3,122.67830749377238,14256
97,SAT-44-18,SAT-12-4,105,5,530.4359459041149,23760
98,SAT-59-10,SAT-58-8,8,2,40.63760952290962,9504
99,SAT-0-21,SAT-22-16,94,3,506.4438484439764,14256
100,SAT-55-3,SAT-43-7,21,1,74.48258720571425,4752
101,SAT-15-17,SAT-7-16,16,3,60.372703350486724,14256
102,SAT-39-12,SAT-21-15,66,2,341.0387899738891,9504
103,SAT-70-8,SAT-70-14,7,0,39.39843982757729,0
104,SAT-25-4,SAT-1-14,35,4,109.56673458385544,19008
105,SAT-70-21,SAT-24-18,74,2,355.7860836238311,9504
106,SAT-43-15,SAT-37-14,10,1,30.50074937753537,4752
107,SAT-43-21,SAT-40-20,5,0,12.056301000158582,0
108,SAT-43-7,SAT-48-4,13,2,54.96612101862777,9504
109,SAT-16-17,SAT-67-20,25,1,58.128480449392804,4752
110,SAT-67-19,SAT-47-20,22,1,43.17942073856968,4752
111,SAT-1-18,SAT-32-12,38,3,95.1837698993705,14256
112,SAT-21-14,SAT-60-8,40,0,98.78282345239062,0
113,SAT-36-18,SAT-56-8,31,3,101.65460190948359,14256
114,SAT-31-14,SAT-71-21,40,2,104.54566902652894,9504
115,SAT-44-12,SAT-67-14,48,1,198.9661066547152,4752
116,SAT-31-8,SAT-33-0,11,3,56.1288485246872,14256
117,SAT-18-16,SAT-60-3,40,3,114.0377275194274,14256
118,SAT-66-9,SAT-70-15,55,2,335.51552273897624,9504
119,SAT-53-21,SAT-51-16,14,3,75.6138605191672,14256
120,SAT-45-1,SAT-27-16,32,2,117.72850516899379,9504
121,SAT-40-11,SAT-60-16,34,3,122.00367525315438,14256
122,SAT-54-2,SAT-15-17,107,3,539.8043263529647,14256
123,SAT-21-21,SAT-66-5,42,4,141.39421802710763,19008
124,SAT-42-0,SAT-65-20,26,0,55.26926057994284,0
125,SAT-3-2,SAT-41-4,47,5,141.10875680541528,23760
126,SAT-15-15,SAT-39-4,80,3,403.8552243533577,14256
127,SAT-18-17,SAT-38-20,24,2,56.353265296296755,9504
128,SAT-52-18,SAT-39-1,19,1,56.657162688278376,4752
129,SAT-28-10,SAT-55-12,30,0,65.80508124100209,0
130,SAT-56-1,SAT-21-9,44,4,116.6996949885836,19008
131,SAT-35-12,SAT-12-2,34,1,106.9859801356136,4752
132,SAT-19-5,SAT-23-15,15,4,72.99760259473943,19008
133,SAT-39-4,SAT-65-5,32,2,79.54376178374984,9504
134,SAT-50-0,SAT-40-11,22,3,90.19652247649385,14256
135,SAT-10-12,SAT-18-9,12,0,34.37173831467304,0
136,SAT-39-9,SAT-27-16,86,3,500.89815068753137,14256
137,SAT-4-18,SAT-51-9,35,3,103.99446415529556,14256
138,SAT-17-19,SAT-62-11,36,0,101.01980187048068,0
139,SAT-30-12,SAT-51-16,34,3,117.31224045747548,14256
140,SAT-22-15,SAT-27-16,13,3,54.36990755659565,14256
141,SAT-70-9,SAT-48-15,73,2,367.81337861574093,9504
142,SAT-13-8,SAT-20-14,36,1,196.42535527270093,4752
143,SAT-39-5,SAT-0-10,39,4,93.37860188029141,19008
144,SAT-27-10,SAT-18-17,23,3,101.87598684507631,14256
145,SAT-55-8,SAT-63-6,19,4,79.46783670815626,19008
146,SAT-10-3,SAT-44-17,43,0,114.93564084162524,0
147,SAT-31-4,SAT-19-20,19,2,60.9312863918294,9504
148,SAT-53-11,SAT-32-10,23,0,47.971860767879726,0
149,SAT-46-13,SAT-57-4,65,2,368.2092066667284,9504
150,SAT-64-18,SAT-16-9,34,3,102.14570034025965,14256
151,SAT-21-10,SAT-9-16,85,3,494.09009546621706,14256
152,SAT-54-17,SAT-35-20,23,3,54.585134866870405,14256
153,SAT-65-2,SAT-66-5,13,4,74.06657380422513,19008
154,SAT-17-13,SAT-43-2,38,1,118.8658503326918,4752
155,SAT-27-12,SAT-27-6,7,0,39.39843982757445,0
156,SAT-44-17,SAT-3-2,39,1,102.90494457586657,4752
157,SAT-18-16,SAT-19-5,99,4,638.7343758025771,19008
158,SAT-19-20,SAT-15-16,15,3,72.83579407301283,14256
159,SAT-6-11,SAT-42-0,48,0,136.77602226069286,0
160,SAT-0-8,SAT-53-16,94,3,519.9657881921637,14256
161,SAT-59-10,SAT-4-16,32,3,123.16639190593672,14256
162,SAT-23-20,SAT-49-18,73,2,349.8284802475779,9504
163,SAT-32-5,SAT-71-15,44,4,126.30001144826646,19008
164,SAT-52-18,SAT-39-1,19,2,56.718920641061516,9504
165,SAT-31-8,SAT-51-16,95,3,521.7432177054818,14256
166,SAT-22-16,SAT-21-10,8,3,41.18989615251165,14256
167,SAT-22-2,SAT-55-12,44,1,126.32226900755738,4752
168,SAT-53-6,SAT-49-18,15,3,72.82989167903729,14256
169,SAT-13-0,SAT-56-14,40,1,117.6162998024235,4752
170,SAT-50-20,SAT-53-21,5,0,12.082808950372641,0
171,SAT-71-11,SAT-48-7,38,4,133.11618775150436,19008
172,SAT-4-18,SAT-25-19,23,1,40.883372098573396,4752
173,SAT-62-11,SAT-39-7,38,4,132.73533070425665,19008
174,SAT-33-0,SAT-25-10,19,3,78.73719607858563,14256
175,SAT-17-13,SAT-1-2,28,3,100.43686094386793,14256
176,SAT-35-10,SAT-68-18,44,3,119.20693570752198,14256
177,SAT-5-15,SAT-4-0,9,2,47.5998495655533,9504
178,SAT-69-12,SAT-23-13,28,0,53.10581134480191,0
179,SAT-18-16,SAT-12-8,15,3,63.2711157280979,14256
180,SAT-41-18,SAT-18-17,49,2,201.78505309534657,9504
181,SAT-67-0,SAT-54-11,25,3,95.49054285490772,14256
182,SAT-46-1,SAT-25-4,33,4,106.5836308471921,19008
183,SAT-42-0,SAT-2-9,42,0,111.4453288156064,0
184,SAT-5-2,SAT-34-17,81,2,382.32681363293136,9504
185,SAT-39-7,SAT-24-18,27,3,99.05788722145209,14256
186,SAT-51-21,SAT-58-16,19,3,84.74993297919579,14256
187,SAT-47-10,SAT-58-12,14,0,34.53483250211234,0
188,SAT-55-18,SAT-67-0,17,1,45.90633716429786,4752
189,SAT-9-21,SAT-52-18,33,0,67.16427056085438,0
190,SAT-30-3,SAT-39-18,39,1,205.1640734650074,4752
191,SAT-19-11,SAT-0-2,29,3,93.06493868415247,14256
192,SAT-62-11,SAT-65-2,13,3,64.46091431127762,14256
193,SAT-30-12,SAT-5-15,73,2,353.31490006530004,9504
194,SAT-39-12,SAT-18-16,32,2,100.05338863108814,9504
195,SAT-8-10,SAT-63-0,28,3,96.04320021798034,14256
196,SAT-66-9,SAT-27-6,81,2,362.68987365913426,9504
197,SAT-27-1,SAT-39-12,24,0,93.67456749159265,0
198,SAT-23-20,SAT-38-17,27,2,99.03559111018335,9504
199,SAT-5-15,SAT-35-4,86,2,410.30578479198476,9504
200,SAT-12-4,SAT-44-18,41,2,109.47512660855016,9504
201,SAT-9-21,SAT-35-12,36,3,105.54050635777304,14256
202,SAT-18-18,SAT-50-0,37,1,78.72346750241093,4752
203,SAT-1-3,SAT-37-16,68,1,262.5736768453401,4752
204,SAT-21-14,SAT-23-20,9,3,42.6770548869924,14256
205,SAT-12-8,SAT-9-3,11,3,51.321400169583924,14256
206,SAT-27-20,SAT-13-8,25,3,88.62640982344206,14256
207,SAT-48-6,SAT-4-18,39,3,115.6585676173684,14256
208,SAT-64-3,SAT-39-12,35,2,100.10184446305692,9504
209,SAT-55-18,SAT-0-16,26,3,82.88505742655072,14256
210,SAT-43-2,SAT-21-10,31,2,88.63384484719877,9504
211,SAT-27-16,SAT-22-17,11,3,41.03716767686616,14256
212,SAT-22-10,SAT-39-5,51,4,246.4959432363747,19008
213,SAT-0-16,SAT-55-19,21,2,47.596677170333564,9504
214,SAT-4-8,SAT-71-21,15,3,68.02151766733365,14256
215,SAT-27-1,SAT-65-5,45,2,121.48819214332116,9504
216,SAT-34-20,SAT-21-17,25,4,95.4227900269017,19008
217,SAT-29-8,SAT-63-6,81,2,357.8788311087797,9504
218,SAT-43-17,SAT-53-12,16,3,50.23916641254709,14256
219,SAT-29-5,SAT-36-18,17,3,71.58583043888586,14256
220,SAT-67-14,SAT-12-6,54,4,266.17207676503443,19008
221,SAT-5-11,SAT-41-18,46,2,118.23647429235317,9504
222,SAT-56-8,SAT-31-18,58,2,251.1936336297047,9504
223,SAT-33-0,SAT-5-6,61,2,256.1218681756164,9504
224,SAT-41-8,SAT-54-3,21,3,69.14743842166996,14256
225,SAT-7-17,SAT-12-8,15,3,68.01029646408315,14256
226,SAT-63-0,SAT-16-21,27,0,55.99331637411265,0
227,SAT-50-0,SAT-22-15,40,2,122.14123866445226,9504
228,SAT-58-11,SAT-12-4,100,4,522.0813699572376,19008
229,SAT-12-2,SAT-34-0,25,0,52.34841485582018,0
230,SAT-40-21,SAT-56-18,42,1,190.47154762728684,4752
231,SAT-29-5,SAT-22-0,13,3,45.304475749173044,14256
232,SAT-22-9,SAT-16-17,19,3,88.66364778479718,14256
233,SAT-62-11,SAT-0-17,21,3,81.71408221908769,14256
234,SAT-44-19,SAT-54-11,19,3,70.34902818847114,14256
235,SAT-18-1,SAT-63-15,40,3,126.88460321949889,14256
236,SAT-25-19,SAT-55-12,38,1,99.39565042588572,4752
237,SAT-4-0,SAT-15-15,23,3,91.82176780270001,14256
238,SAT-48-0,SAT-31-18,22,0,54.23605052796908,0
239,SAT-32-21,SAT-26-20,8,0,17.651157352377776,0
240,SAT-69-8,SAT-51-9,20,0,36.19758162383169,0
241,SAT-31-4,SAT-5-0,31,2,72.55278220816867,9504
242,SAT-4-16,SAT-12-4,19,2,78.60849134789632,9504
243,SAT-71-12,SAT-49-18,31,3,88.52214750551477,14256
244,SAT-60-16,SAT-55-6,16,3,74.56544246707001,14256
245,SAT-35-1,SAT-63-12,40,1,122.05711051068262,4752
246,SAT-1-2,SAT-21-10,29,3,85.47191997272654,14256
247,SAT-10-18,SAT-44-13,40,2,93.3358072888456,9504
248,SAT-71-21,SAT-1-17,29,1,174.0206392730931,4752
249,SAT-5-8,SAT-53-21,34,2,101.80620616432742,9504
250,SAT-65-2,SAT-69-12,15,3,72.25562605927767,14256
251,SAT-36-18,SAT-66-3,38,1,95.40154406539396,4752
252,SAT-9-16,SAT-23-13,18,3,44.60199223308582,14256
253,SAT-19-18,SAT-37-2,25,0,69.06045838750973,0
254,SAT-45-1,SAT-61-2,18,0,35.02671785998269,0
255,SAT-65-5,SAT-18-9,30,2,67.4842794067191,9504
256,SAT-60-19,SAT-32-13,35,3,89.18286742459705,14256
257,SAT-39-12,SAT-21-18,27,2,82.20868315903827,9504
258,SAT-32-3,SAT-62-11,39,3,101.99363652943934,14256
259,SAT-63-0,SAT-43-13,30,0,94.65796516780945,0
260,SAT-10-11,SAT-38-20,38,3,104.85595917874201,14256
261,SAT-13-0,SAT-47-12,45,2,126.09091419800288,9504
262,SAT-22-9,SAT-41-18,31,2,103.57290954629629,9504
263,SAT-17-19,SAT-32-10,25,3,85.75656319079411,14256
264,SAT-23-17,SAT-37-14,20,3,57.28088209810696,14256
265,SAT-58-16,SAT-29-5,127,4,688.4600694436527,19008
266,SAT-33-2,SAT-69-14,49,2,142.75103552833937,9504
267,SAT-69-11,SAT-55-11,33,0,143.0663801000749,0
268,SAT-55-18,SAT-69-16,23,3,77.40231372078381,14256
269,SAT-10-7,SAT-30-17,53,1,243.1341592468796,4752
270,SAT-33-0,SAT-34-0,52,4,329.97164426440565,19008
271,SAT-0-9,SAT-53-12,23,0,54.88807231159674,0
272,SAT-34-20,SAT-0-16,105,3,515.7930851651159,14256
273,SAT-35-4,SAT-39-12,13,3,59.13650257520395,14256
274,SAT-24-21,SAT-28-10,16,3,79.33346331076922,14256
275,SAT-57-4,SAT-66-9,15,3,47.701536171343655,14256
276,SAT-21-9,SAT-52-7,34,0,64.34999021282093,0
277,SAT-53-21,SAT-62-9,20,0,80.53356936099333,0
278,SAT-26-16,SAT-18-16,123,5,762.77027642965,23760
279,SAT-33-9,SAT-43-2,18,2,63.7147460976407,9504
280,SAT-39-1,SAT-58-10,29,0,90.50506307832761,0
281,SAT-25-14,SAT-19-11,10,1,30.344608924721147,4752
282,SAT-27-6,SAT-33-16,83,3,509.6922934935592,14256
283,SAT-58-16,SAT-51-18,12,3,37.83677514954685,14256
284,SAT-55-12,SAT-28-16,98,3,507.55271520424094,14256
285,SAT-30-4,SAT-41-0,16,2,45.77382066092173,9504
286,SAT-7-11,SAT-29-8,26,0,56.08447113185793,0
287,SAT-10-11,SAT-27-7,32,5,121.7338030695886,23760
288,SAT-0-21,SAT-40-0,34,0,69.95441117010112,0
289,SAT-43-7,SAT-19-20,34,1,101.66099234326538,4752
290,SAT-35-6,SAT-42-2,12,3,38.67461080040751,14256
291,SAT-27-12,SAT-40-14,38,1,180.63901577215745,4752
292,SAT-40-14,SAT-64-9,30,1,75.377122042295,4752
293,SAT-57-4,SAT-17-13,42,1,112.04897096790607,4752
294,SAT-32-10,SAT-47-20,26,3,90.48499351673658,14256
295,SAT-20-18,SAT-10-7,22,3,89.94998337433434,14256
296,SAT-47-4,SAT-21-5,34,2,89.00996510676615,9504
297,SAT-38-17,SAT-50-1,19,2,59.26541766200919,9504
298,SAT-10-20,SAT-21-15,61,2,339.9653216067643,9504
299,SAT-18-9,SAT-69-8,23,0,41.333617848183444,0
300,SAT-1-3,SAT-39-5,43,2,108.85001192698508,9504
301,SAT-50-15,SAT-68-19,23,3,55.64254726323454,14256
302,SAT-33-19,SAT-41-12,16,3,60.13436002431929,14256
303,SAT-61-9,SAT-71-21,21,3,83.37595832781038,14256
304,SAT-32-15,SAT-53-21,28,0,74.18355557153323,0
305,SAT-46-3,SAT-45-8,7,3,34.48931945257095,14256
306,SAT-22-21,SAT-27-20,7,0,15.849294672196717,0
307,SAT-3-2,SAT-32-10,38,3,100.59255472827024,14256
308,SAT-22-15,SAT-20-18,8,3,36.1466057154943,14256
309,SAT-45-15,SAT-18-1,36,0,97.27798220241944,0
310,SAT-1-4,SAT-49-18,33,2,95.00316510910112,9504
311,SAT-23-17,SAT-16-18,11,1,31.306186070690636,4752
312,SAT-44-19,SAT-66-2,28,0,69.31106968277012,0
313,SAT-36-18,SAT-0-21,40,1,79.39218872071498,4752
314,SAT-40-11,SAT-29-5,46,4,242.72411869219502,19008
315,SAT-60-3,SAT-18-3,55,1,210.66071885868232,4752
316,SAT-60-8,SAT-66-5,16,3,69.49171764285789,14256
317,SAT-44-12,SAT-4-0,43,3,118.75172583827585,14256
318,SAT-40-7,SAT-10-18,42,1,125.07809855742138,4752
319,SAT-65-20,SAT-39-11,36,2,105.08902468329255,9504
320,SAT-56-18,SAT-56-14,5,0,26.265626551713982,0
321,SAT-5-2,SAT-18-3,25,5,93.69724527213235,23760
322,SAT-49-10,SAT-13-2,45,0,116.1840581029951,0
323,SAT-56-13,SAT-30-3,103,3,542.202751412858,14256
324,SAT-60-16,SAT-68-19,12,3,32.97794204616573,14256
325,SAT-2-9,SAT-31-16,103,3,530.0506539893299,14256
326,SAT-65-5,SAT-56-14,19,3,73.81833693283087,14256
327,SAT-1-14,SAT-36-13,37,0,68.42426789924218,0
328,SAT-71-1,SAT-21-7,31,1,89.06644947956428,4752
329,SAT-71-21,SAT-19-11,31,0,101.01141567147052,0
330,SAT-9-3,SAT-40-14,65,3,271.45603862491373,14256
331,SAT-14-3,SAT-21-10,15,3,57.59563198262748,14256
332,SAT-5-11,SAT-28-19,32,2,90.74669123112571,9504
333,SAT-6-19,SAT-26-15,69,2,348.4183343838153,9504
334,SAT-24-13,SAT-53-17,38,3,100.71593596008853,14256
335,SAT-7-16,SAT-59-14,25,3,61.582286054932375,14256
336,SAT-18-3,SAT-53-17,88,2,399.63680898071806,9504
337,SAT-17-13,SAT-34-20,25,0,74.22548317243724,0
338,SAT-22-14,SAT-53-21,39,2,97.49894869578898,9504
339,SAT-53-16,SAT-35-6,29,3,97.44905993217988,14256
340,SAT-47-6,SAT-18-16,106,3,550.2337749392135,14256
341,SAT-35-18,SAT-40-14,12,3,48.22376232009457,14256
342,SAT-38-17,SAT-65-15,34,2,84.30590794966058,9504
343,SAT-53-14,SAT-28-10,30,0,70.39223901429419,0
344,SAT-21-6,SAT-22-12,8,2,41.06167938764963,9504
345,SAT-26-7,SAT-22-3,11,3,46.45562064368013,14256
346,SAT-37-14,SAT-41-1,14,3,65.75401286710577,14256
347,SAT-7-16,SAT-54-3,35,3,100.69986677725817,14256
348,SAT-13-7,SAT-52-7,44,3,123.88580811213475,14256
349,SAT-63-6,SAT-64-18,12,2,67.20837850198818,9504
350,SAT-71-17,SAT-21-6,34,3,111.02802509263074,14256
351,SAT-53-11,SAT-46-7,22,5,104.27436859137028,23760
352,SAT-56-8,SAT-61-1,13,3,54.782471937187424,14256
353,SAT-46-1,SAT-68-16,36,3,124.16083836849603,14256
354,SAT-32-5,SAT-30-19,11,3,55.510659931624176,14256
355,SAT-22-10,SAT-12-9,12,0,25.195992064991913,0
356,SAT-48-3,SAT-54-3,9,0,23.709338308171397,0
357,SAT-35-1,SAT-23-6,22,2,79.08707227834225,9504
358,SAT-70-21,SAT-68-2,6,0,23.22472825789386,0
359,SAT-44-17,SAT-44-19,3,0,13.132813275858766,0
360,SAT-53-3,SAT-22-0,35,1,74.10038002657843,4752
361,SAT-60-2,SAT-44-18,45,1,210.52549380829157,4752
362,SAT-39-18,SAT-32-5,41,2,227.95284796567705,9504
363,SAT-71-9,SAT-60-11,14,0,33.63230838375154,0
364,SAT-27-1,SAT-71-17,79,2,374.9860208024393,9504
365,SAT-9-2,SAT-28-5,29,3,90.37439477616522,14256
366,SAT-51-16,SAT-62-11,17,3,52.20534209164077,14256
367,SAT-0-2,SAT-69-16,18,3,97.21332263155662,14256
368,SAT-53-14,SAT-60-0,16,2,64.20360370629137,9504
369,SAT-70-14,SAT-22-7,32,0,85.98433424673289,0
370,SAT-39-9,SAT-9-16,104,3,532.1607812444382,14256
371,SAT-26-20,SAT-5-12,30,3,89.50042077635109,14256
372,SAT-62-11,SAT-64-3,13,3,69.18493949099837,14256
373,SAT-12-12,SAT-12-13,2,0,6.566406637929373,0
374,SAT-55-3,SAT-65-2,12,0,24.1707721964603,0
375,SAT-36-13,SAT-62-9,31,0,72.01684919728282,0
376,SAT-9-2,SAT-7-12,13,3,68.77669546171093,14256
377,SAT-34-20,SAT-33-19,3,0,8.235577730964216,0
378,SAT-16-9,SAT-9-18,19,3,83.91467066846715,14256
379,SAT-60-11,SAT-53-17,18,3,77.34826403053773,14256
380,SAT-8-4,SAT-44-17,46,0,119.21825773496803,0
381,SAT-71-17,SAT-31-14,38,2,89.11643202484083,9504
382,SAT-35-0,SAT-40-21,7,0,16.498713086919174,0
383,SAT-69-14,SAT-37-3,66,3,272.9758178868601,14256
384,SAT-54-4,SAT-50-20,11,2,46.43398968197879,9504
385,SAT-48-0,SAT-68-7,30,3,92.51489289795613,14256
386,SAT-32-15,SAT-57-21,32,3,80.94424675162159,14256
387,SAT-50-6,SAT-3-19,35,1,103.0504527655393,4752
388,SAT-44-18,SAT-25-4,92,5,505.743804286337,23760
389,SAT-10-1,SAT-6-11,15,3,72.34751301061084,14256
390,SAT-50-1,SAT-41-7,18,1,67.57660917705607,4752
391,SAT-37-6,SAT-15-15,32,2,95.87519681023349,9504
392,SAT-47-9,SAT-61-15,65,2,352.9230244752912,9504
393,SAT-59-4,SAT-62-11,11,3,50.97996515671097,14256
394,SAT-21-18,SAT-70-14,30,3,79.81714906421027,14256
395,SAT-14-19,SAT-40-14,34,0,91.63535072056469,0
396,SAT-43-13,SAT-54-2,23,2,91.55260943282099,9504
397,SAT-50-16,SAT-46-6,15,3,72.69029780314371,14256
398,SAT-16-3,SAT-12-12,14,3,65.78786104271454,14256
399,SAT-13-0,SAT-0-9,23,3,80.8408139707552,14256
400,SAT-22-7,SAT-7-9,18,1,38.23372236574215,4752
401,SAT-70-13,SAT-16-17,27,3,82.65234401130078,14256
402,SAT-22-15,SAT-70-14,28,2,61.837933647886345,9504
403,SAT-67-9,SAT-1-4,16,3,69.63233817488725,14256
404,SAT-21-10,SAT-66-9,29,0,57.01874196376242,0
405,SAT-27-1,SAT-1-2,28,0,52.19642836726515,0
406,SAT-40-14,SAT-71-3,109,3,557.5146602615774,14256
407,SAT-43-13,SAT-55-13,35,3,165.52095606337107,14256
408,SAT-25-1,SAT-20-17,56,2,336.6915172417964,9504
409,SAT-18-7,SAT-54-2,42,0,96.01206327642404,0
410,SAT-1-4,SAT-23-0,27,2,64.85849183217935,9504
411,SAT-8-10,SAT-48-7,46,3,141.49836306466156,14256
412,SAT-25-1,SAT-27-15,15,3,82.30532195338378,14256
413,SAT-53-21,SAT-21-18,36,0,73.30177067409905,0
414,SAT-59-0,SAT-43-19,20,0,46.500495293946216,0
415,SAT-39-12,SAT-1-2,45,1,125.28104955738048,4752
416,SAT-40-7,SAT-42-0,10,3,49.47172782892474,14256
417,SAT-68-2,SAT-29-5,43,0,114.40308120785927,0
418,SAT-16-17,SAT-70-21,23,2,56.43222007890013,9504
419,SAT-21-9,SAT-22-1,10,3,54.28469378514059,14256
420,SAT-37-14,SAT-8-10,34,1,77.0927502022015,4752
421,SAT-28-10,SAT-20-5,20,2,86.25174850701129,9504
422,SAT-21-18,SAT-16-17,15,3,67.3222756773734,14256
423,SAT-19-3,SAT-16-21,8,1,31.52360486038939,4752
424,SAT-20-20,SAT-10-21,12,0,25.277255407163356,0
425,SAT-13-4,SAT-23-6,17,3,55.71074300912359,14256
426,SAT-11-12,SAT-39-9,32,0,72.1068750237633,0
427,SAT-39-18,SAT-9-16,39,1,105.08757556399584,4752
428,SAT-12-12,SAT-51-11,35,0,70.02387142019744,0
429,SAT-37-14,SAT-5-2,43,2,119.34741613037403,9504
430,SAT-61-20,SAT-38-10,34,3,105.9392426805937,14256
431,SAT-44-9,SAT-65-2,29,3,82.73783352321124,14256
432,SAT-29-5,SAT-71-21,37,2,91.9312784814489,9504
433,SAT-27-21,SAT-9-21,37,1,148.4073355831895,4752
434,SAT-13-8,SAT-40-4,36,0,99.81080789191694,0
435,SAT-65-13,SAT-9-0,26,3,85.96622764830398,14256
436,SAT-63-2,SAT-51-20,17,0,47.26935925085588,0
437,SAT-2-2,SAT-35-20,38,0,84.02589147434485,0
438,SAT-44-5,SAT-18-18,36,1,104.60574725616519,4752
439,SAT-58-12,SAT-62-21,14,3,65.81480171809858,14256
440,SAT-69-9,SAT-4-3,16,3,64.77794019566929,14256
441,SAT-51-15,SAT-68-16,23,1,62.57398755651204,4752
442,SAT-28-15,SAT-35-4,63,3,373.3990521783521,14256
443,SAT-35-12,SAT-50-1,27,2,98.47337392915468,9504
444,SAT-18-4,SAT-49-10,38,2,91.48231923800414,9504
445,SAT-60-11,SAT-1-18,23,3,80.9501953804525,14256
446,SAT-55-12,SAT-41-1,26,3,96.49094472039481,14256
447,SAT-23-15,SAT-53-21,37,3,89.82736822546677,14256
448,SAT-9-21,SAT-1-3,23,5,105.37740717044811,23760
449,SAT-10-14,SAT-71-3,23,0,91.46663097050934,0
450,SAT-68-14,SAT-60-2,19,1,79.11848961059829,4752
451,SAT-33-2,SAT-46-2,64,4,350.1837696473334,19008
452,SAT-66-18,SAT-63-11,11,3,51.208713790357955,14256
453,SAT-32-5,SAT-51-9,24,0,58.21988172606798,0
454,SAT-4-16,SAT-62-16,129,5,773.0417375732449,23760
455,SAT-33-4,SAT-12-2,24,2,49.823365608424204,9504
456,SAT-58-16,SAT-55-6,14,3,70.90557385536896,14256
457,SAT-39-10,SAT-51-21,24,3,92.97441925024374,14256
458,SAT-2-8,SAT-24-13,28,0,69.85013543133196,0
459,SAT-35-12,SAT-30-12,26,0,140.0639785520509,0
460,SAT-71-17,SAT-46-10,33,1,89.624391117551,4752
461,SAT-20-19,SAT-60-3,69,5,290.2619540987739,23760
462,SAT-37-19,SAT-49-18,36,1,171.2290958473661,4752
463,SAT-42-20,SAT-66-2,29,0,68.17878941768154,0
464,SAT-35-0,SAT-2-5,45,0,127.78526674843833,0
465,SAT-6-14,SAT-30-17,32,3,86.38842234101385,14256
466,SAT-7-21,SAT-8-17,50,2,316.8718342820897,9504
467,SAT-68-19,SAT-33-16,45,3,120.19343783639373,14256
468,SAT-69-16,SAT-48-6,32,0,102.32153323630594,0
469,SAT-54-15,SAT-21-21,40,3,94.98085665640184,14256
470,SAT-42-16,SAT-5-2,44,1,111.51158004951762,4752
471,SAT-63-2,SAT-45-1,20,0,37.97289272778999,0
472,SAT-34-0,SAT-70-6,47,3,126.32954552382523,14256
473,SAT-34-21,SAT-48-6,66,2,359.31400549318516,9504
474,SAT-40-21,SAT-39-9,12,0,66.87698681777066,0
475,SAT-61-12,SAT-52-7,25,5,114.1922359870934,23760
476,SAT-30-1,SAT-31-16,15,3,87.10730145065762,14256
477,SAT-59-4,SAT-12-4,30,0,69.86600549103272,0
478,SAT-65-3,SAT-41-1,27,0,54.98917705759413,0
479,SAT-62-16,SAT-40-14,27,3,64.63396001831607,14256
480,SAT-31-0,SAT-63-11,44,1,128.01366620201634,4752
481,SAT-47-9,SAT-13-10,36,0,70.4324636171119,0
482,SAT-55-7,SAT-14-2,37,0,86.87200158741395,0
483,SAT-62-17,SAT-8-10,26,1,77.12039405457035,4752
484,SAT-17-18,SAT-0-21,21,1,48.3752224708521,4752
485,SAT-29-3,SAT-35-4,16,4,68.74860522295238,19008
486,SAT-2-4,SAT-10-11,16,3,59.46611540799534,14256
487,SAT-34-20,SAT-43-16,20,3,80.91744018800698,14256
488,SAT-47-20,SAT-43-9,16,3,79.20020771279448,14256
489,SAT-39-5,SAT-29-9,15,0,43.14221272983067,0
490,SAT-69-0,SAT-16-2,22,0,46.22400787387907,0
491,SAT-28-15,SAT-9-16,27,3,79.05604106352273,14256
492,SAT-12-12,SAT-54-0,41,3,116.3188568714522,14256
493,SAT-61-2,SAT-33-5,38,3,106.37546420070164,14256
494,SAT-63-0,SAT-35-11,40,1,120.99644400378598,4752
495,SAT-44-17,SAT-13-2,39,2,98.33397951057276,9504
496,SAT-21-12,SAT-65-20,37,2,99.83240553123566,9504
497,SAT-41-17,SAT-12-13,34,1,76.75025424983545,4752
498,SAT-51-18,SAT-48-15,11,3,51.187394158419956,14256
499,SAT-66-3,SAT-15-13,32,3,101.13993070014216,14256
500,SAT-59-3,SAT-30-8,35,3,81.8466784874028,14256
501,SAT-24-6,SAT-48-4,31,3,81.15978158932936,14256
502,SAT-52-17,SAT-63-6,23,3,91.37108799135166,14256
503,SAT-20-13,SAT-22-0,12,2,62.06366925730612,9504
504,SAT-45-1,SAT-50-6,15,3,67.54846065476158,14256
505,SAT-16-9,SAT-33-19,28,3,94.41094642749368,14256
506,SAT-24-20,SAT-32-5,22,2,98.89122984517019,9504
507,SAT-67-0,SAT-50-20,20,0,45.116907790619855,0
508,SAT-22-1,SAT-20-5,13,3,69.04605226730803,14256
509,SAT-10-17,SAT-20-18,14,0,36.60914935390578,0
510,SAT-26-2,SAT-6-0,23,0,47.90215460965593,0
511,SAT-50-6,SAT-67-6,26,3,82.08519323717117,14256
512,SAT-0-8,SAT-14-2,21,3,63.73697876123288,14256
513,SAT-41-18,SAT-60-11,27,3,78.77275545399671,14256
514,SAT-8-13,SAT-0-10,12,0,33.60695644730797,0
515,SAT-45-11,SAT-24-6,35,4,121.85438897889851,19008
516,SAT-53-16,SAT-59-10,13,3,49.82446916638092,14256
517,SAT-61-11,SAT-66-5,40,4,231.9461834719371,19008
518,SAT-51-21,SAT-16-21,42,0,100.21694430393887,0
519,SAT-68-14,SAT-21-18,32,3,81.71486000817772,14256
520,SAT-53-17,SAT-53-7,11,0,65.66406637928775,0
521,SAT-59-4,SAT-28-4,40,2,105.02937808998216,9504
522,SAT-1-9,SAT-39-7,37,0,70.71140197078779,0
523,SAT-65-21,SAT-44-17,70,2,350.7507645792461,9504
524,SAT-61-0,SAT-70-6,20,2,80.90545750441419,9504
525,SAT-41-18,SAT-27-7,26,3,96.1082796914616,14256
526,SAT-49-18,SAT-0-2,30,0,78.3677638740339,0
527,SAT-60-19,SAT-9-2,27,0,68.41272036249964,0
528,SAT-62-9,SAT-68-13,11,0,36.68209676969934,0
529,SAT-67-17,SAT-12-8,27,3,88.61099202564631,14256
530,SAT-71-12,SAT-48-4,36,3,118.70833572559656,14256
531,SAT-26-7,SAT-50-20,34,3,100.74439651052819,14256
532,SAT-69-14,SAT-24-7,59,2,250.41118464111295,9504
533,SAT-52-17,SAT-41-16,19,2,65.05293415137037,9504
534,SAT-63-18,SAT-30-3,41,1,101.6791862016016,4752
535,SAT-49-19,SAT-18-3,38,0,93.16739153574817,0
536,SAT-6-11,SAT-43-16,47,3,131.36416069819424,14256
537,SAT-19-4,SAT-21-18,11,2,56.00021772977434,9504
538,SAT-33-4,SAT-6-19,35,0,92.795868921014,0
539,SAT-12-8,SAT-61-1,31,2,85.85793966833745,9504
540,SAT-60-8,SAT-28-10,35,0,67.43062569526417,0
541,SAT-12-2,SAT-39-9,35,2,91.77862569437663,9504
542,SAT-21-7,SAT-29-5,39,4,210.86166486469224,19008
543,SAT-52-13,SAT-2-10,26,0,57.84025066249821,0
544,SAT-32-11,SAT-9-5,30,0,78.4249925040178,0
545,SAT-7-14,SAT-3-2,15,3,72.45460595743869,14256
546,SAT-28-19,SAT-50-20,24,0,43.91437431774699,0
547,SAT-67-6,SAT-33-2,39,3,85.1836624782238,14256
548,SAT-49-10,SAT-52-14,30,1,175.92522281497907,4752
549,SAT-18-19,SAT-5-7,44,2,219.0614527668709,9504
550,SAT-8-19,SAT-48-7,65,2,264.47581477430833,9504
551,SAT-30-17,SAT-60-11,37,3,91.36092674561417,14256
552,SAT-30-8,SAT-37-14,14,0,51.52302010845791,0
553,SAT-43-15,SAT-62-7,28,2,85.44082815152551,9504
554,SAT-14-0,SAT-35-15,73,2,370.55445258351466,9504
555,SAT-10-20,SAT-58-12,33,3,94.08201346409678,14256
556,SAT-38-15,SAT-70-13,35,1,68.53382709008062,4752
557,SAT-46-6,SAT-8-19,44,2,117.96123691897236,9504
558,SAT-53-3,SAT-32-17,74,2,377.138228298779,9504
559,SAT-53-14,SAT-1-18,27,1,73.38423328133122,4752
560,SAT-23-13,SAT-24-13,18,0,106.27416073683104,0
561,SAT-4-8,SAT-52-6,35,4,107.1955807569876,19008
562,SAT-32-17,SAT-21-11,18,3,58.43371725068595,14256
563,SAT-22-14,SAT-41-18,26,2,71.70064740328237,9504
564,SAT-34-17,SAT-38-6,16,2,79.15239208016557,9504
565,SAT-66-21,SAT-21-9,38,2,111.58950354349388,9504
566,SAT-59-4,SAT-62-13,13,3,64.20048609293607,14256
567,SAT-70-8,SAT-41-1,37,2,96.12548388098755,9504
568,SAT-40-13,SAT-34-0,16,2,69.30331244452361,9504
569,SAT-46-1,SAT-16-2,32,0,58.4567212056718,0
570,SAT-61-10,SAT-57-21,16,3,79.14596839372052,14256
571,SAT-45-17,SAT-69-5,81,2,408.5611906821756,9504
572,SAT-50-20,SAT-62-17,60,2,328.81696966572684,9504
573,SAT-50-10,SAT-60-11,12,0,26.526801365614336,0
574,SAT-46-10,SAT-39-4,18,3,77.7661832881655,14256
575,SAT-29-20,SAT-10-2,24,0,59.09895359169274,0
576,SAT-4-21,SAT-61-15,26,3,91.58511404243788,14256
577,SAT-41-0,SAT-32-20,12,0,30.139846199078267,0
578,SAT-53-0,SAT-60-2,10,0,25.22930218532118,0
579,SAT-29-11,SAT-32-5,38,4,228.44203522222773,19008
580,SAT-1-2,SAT-59-20,19,0,50.44733872720459,0
581,SAT-10-5,SAT-6-21,11,3,46.30750044914983,14256
582,SAT-40-16,SAT-19-5,77,2,396.9241085253237,9504
583,SAT-49-10,SAT-33-7,30,3,112.77560887478175,14256
584,SAT-14-0,SAT-64-18,49,1,208.20173237963084,4752
585,SAT-27-16,SAT-40-7,23,3,81.54163688860913,14256
586,SAT-10-17,SAT-70-20,16,2,40.150098790123145,9504
587,SAT-32-13,SAT-45-6,65,2,357.0418573170875,9504
588,SAT-40-4,SAT-63-4,32,1,91.72877094973096,4752
589,SAT-40-1,SAT-70-13,41,3,117.4578597960321,14256
590,SAT-19-13,SAT-23-15,31,2,177.6291874765777,9504
591,SAT-44-17,SAT-3-10,39,3,99.46011186606029,14256
592,SAT-25-4,SAT-49-17,78,2,388.9410603680276,9504
593,SAT-51-17,SAT-58-16,15,3,58.044422523695346,14256
594,SAT-53-21,SAT-2-14,31,3,95.33638791594024,14256
595,SAT-66-4,SAT-29-14,46,3,125.37004844319647,14256
596,SAT-35-16,SAT-43-11,14,3,46.63080906493913,14256
597,SAT-13-3,SAT-18-19,12,1,48.022674749636,4752
598,SAT-39-1,SAT-14-9,34,3,95.17838314907553,14256
599,SAT-13-13,SAT-9-0,14,3,65.92120054867138,14256
600,SAT-1-14,SAT-46-7,65,3,289.2819563595539,14256
601,SAT-19-2,SAT-27-18,37,1,197.51304137454525,4752
602,SAT-15-10,SAT-44-9,31,0,61.45066972444928,0
603,SAT-48-4,SAT-53-17,59,2,356.55308650558874,9504
604,SAT-68-3,SAT-45-15,58,3,262.91073577430325,14256
605,SAT-40-5,SAT-69-12,37,3,95.48316035758633,14256
606,SAT-33-2,SAT-29-2,55,4,335.1504441574327,19008
607,SAT-3-14,SAT-33-9,36,1,84.52897755889502,4752
608,SAT-54-0,SAT-38-6,67,2,355.8920355600662,9504
609,SAT-36-20,SAT-2-4,63,1,242.44925614716675,4752
610,SAT-5-2,SAT-33-0,31,0,61.360649367263186,0
611,SAT-65-2,SAT-63-6,11,3,55.450908776946775,14256
612,SAT-34-7,SAT-7-13,34,0,85.52385141529854,0
613,SAT-32-11,SAT-12-13,23,0,47.58126762686454,0
614,SAT-56-18,SAT-67-14,18,3,58.34508972063621,14256
615,SAT-59-21,SAT-22-13,44,3,112.78771816764738,14256
616,SAT-39-17,SAT-25-14,20,3,56.934619215338685,14256
617,SAT-65-4,SAT-5-2,15,2,33.79217272644893,9504
618,SAT-32-13,SAT-62-1,41,2,116.93912054732027,9504
619,SAT-15-18,SAT-53-14,41,0,97.9332916042465,0
620,SAT-28-5,SAT-39-10,17,3,51.6418984071738,14256
621,SAT-47-10,SAT-16-13,35,0,73.04411886264289,0
622,SAT-62-11,SAT-71-14,35,1,179.64739467532817,4752
623,SAT-1-18,SAT-4-10,12,3,57.69366267913061,14256
624,SAT-1-14,SAT-69-0,13,2,59.371204091626254,9504
625,SAT-27-12,SAT-34-5,21,2,97.17880080942608,9504
626,SAT-6-5,SAT-53-16,37,3,115.23028385555705,14256
627,SAT-58-16,SAT-1-9,23,1,71.76473296850303,4752
628,SAT-62-13,SAT-68-13,29,3,154.78090063564466,14256
629,SAT-55-3,SAT-56-0,5,1,21.41921234731983,4752
630,SAT-61-20,SAT-67-0,9,0,24.508748981663633,0
631,SAT-10-6,SAT-41-9,35,2,72.75957705903329,9504
632,SAT-22-15,SAT-31-8,17,2,61.437475604049,9504
633,SAT-36-0,SAT-7-12,40,1,115.52031582569234,4752
634,SAT-37-2,SAT-27-21,14,0,36.89103006771906,0
635,SAT-54-17,SAT-33-20,25,2,55.66049813853186,9504
636,SAT-22-12,SAT-60-2,45,3,124.08861035370613,14256
637,SAT-62-3,SAT-39-10,31,3,85.3510083306984,14256
638,SAT-23-12,SAT-54-18,40,1,105.61694953043768,4752
639,SAT-29-5,SAT-61-1,37,3,81.25343264528735,14256
640,SAT-53-16,SAT-3-5,100,3,543.3995477752903,14256
641,SAT-18-1,SAT-63-12,39,3,118.60449072985969,14256
642,SAT-13-7,SAT-56-14,37,1,95.64934540724441,4752
643,SAT-62-13,SAT-61-9,6,0,27.983182763296476,0
644,SAT-28-1,SAT-38-12,22,3,89.4060351330173,14256
645,SAT-42-20,SAT-56-16,25,3,89.27578797555095,14256
646,SAT-47-16,SAT-5-8,39,3,103.61086000875062,14256
647,SAT-43-15,SAT-65-18,28,2,70.54167687474398,9504
648,SAT-0-16,SAT-37-16,128,4,664.1954098030601,19008
649,SAT-22-0,SAT-51-16,42,0,128.58242177782506,0
650,SAT-5-12,SAT-64-1,25,1,94.5375474705208,4752
651,SAT-69-9,SAT-7-21,21,0,82.8233544202954,0
652,SAT-60-0,SAT-43-15,29,0,101.4012626869391,0
653,SAT-23-8,SAT-32-21,19,3,74.31633642951186,14256
654,SAT-18-7,SAT-66-5,29,0,67.42299143616044,0
655,SAT-33-0,SAT-1-7,42,3,114.00022143391149,14256
656,SAT-71-12,SAT-6-11,9,0,19.855242164847418,0
657,SAT-8-0,SAT-2-6,17,3,75.95829669663664,14256
658,SAT-2-17,SAT-23-13,26,3,62.283023311161195,14256
659,SAT-53-7,SAT-43-15,63,2,358.60428648634803,9504
660,SAT-3-5,SAT-20-16,95,3,534.7941385082838,14256
661,SAT-32-5,SAT-14-11,25,3,70.07113864108561,14256
662,SAT-57-21,SAT-32-20,27,0,54.05074963532821,0
663,SAT-41-10,SAT-70-13,33,0,69.41388559804656,0
664,SAT-59-3,SAT-46-1,16,1,35.41869789293712,4752
665,SAT-56-7,SAT-8-6,34,3,100.2212484527199,14256
666,SAT-3-2,SAT-18-0,18,0,38.83505622044832,0
667,SAT-27-21,SAT-58-0,33,0,68.53796720751848,0
668,SAT-4-14,SAT-4-18,5,0,26.26562655171009,0
669,SAT-37-3,SAT-48-14,45,3,235.53973054436582,14256
670,SAT-70-13,SAT-40-4,44,3,136.74327448950478,14256
671,SAT-39-12,SAT-60-20,30,3,88.61231331034612,14256
672,SAT-19-5,SAT-57-16,112,3,563.1002915239458,14256
673,SAT-31-7,SAT-68-8,37,1,66.70150698277332,4752
674,SAT-12-18,SAT-62-13,28,3,70.51069120035791,14256
675,SAT-54-6,SAT-59-4,12,3,47.957685079675066,14256
676,SAT-31-7,SAT-14-21,26,3,81.63268696054641,14256
677,SAT-12-9,SAT-8-12,8,0,27.28380078260268,0
678,SAT-44-1,SAT-29-20,19,0,48.141398171845736,0
679,SAT-65-14,SAT-4-2,22,3,84.57260414874605,14256
680,SAT-32-10,SAT-8-17,36,3,113.50494288745543,14256
681,SAT-40-14,SAT-62-7,30,1,83.60753281239505,4752
682,SAT-38-21,SAT-58-13,29,2,86.75187705515299,9504
683,SAT-31-0,SAT-4-8,36,2,98.96503170744185,9504
684,SAT-21-17,SAT-34-17,22,2,74.77465867205169,9504
685,SAT-24-9,SAT-0-16,38,3,126.65721872136425,14256
686,SAT-37-16,SAT-43-9,14,1,56.22612277186044,4752
687,SAT-7-3,SAT-29-9,29,3,76.82751775579929,14256
688,SAT-15-0,SAT-44-13,39,0,108.6938285554171,0
689,SAT-5-17,SAT-18-3,22,2,74.89879983542416,9504
690,SAT-35-10,SAT-22-2,22,3,74.75337008350282,14256
691,SAT-21-15,SAT-29-18,14,3,46.60315955648703,14256
692,SAT-9-6,SAT-10-21,9,3,47.67424007936531,14256
693,SAT-71-15,SAT-61-1,19,3,69.74516106199195,14256
694,SAT-18-9,SAT-33-20,27,3,97.871377224997,14256
695,SAT-53-14,SAT-53-17,4,0,19.69921991378037,0
696,SAT-53-17,SAT-20-4,107,3,535.320142115695,14256
697,SAT-3-14,SAT-3-12,3,0,13.132813275866491,0
698,SAT-34-16,SAT-17-17,23,2,62.1094401430434,9504
699,SAT-37-2,SAT-58-13,33,3,108.11052468588548,14256
700,SAT-2-7,SAT-32-17,85,3,406.27623908070365,14256
701,SAT-8-13,SAT-30-17,31,3,90.43745890061982,14256
702,SAT-5-20,SAT-56-20,36,2,127.79251740013005,9504
703,SAT-71-15,SAT-28-15,34,0,75.79047939004012,0
704,SAT-36-20,SAT-24-6,25,3,98.96130628359337,14256
705,SAT-7-0,SAT-26-5,53,4,249.01944230102202,19008
706,SAT-61-20,SAT-59-12,11,3,55.94511828019211,14256
707,SAT-5-8,SAT-28-5,33,1,98.35710927407028,4752
708,SAT-64-10,SAT-22-10,69,1,300.7314298926724,4752
709,SAT-31-0,SAT-39-12,19,3,79.31952708632659,14256
710,SAT-32-17,SAT-5-2,35,2,92.52972768086678,9504
711,SAT-63-18,SAT-19-21,32,1,67.98872635934477,4752
712,SAT-19-14,SAT-10-5,45,3,245.17923149595177,14256
713,SAT-32-7,SAT-63-13,38,1,92.6377062903991,4752
714,SAT-64-18,SAT-37-19,29,0,53.13128785328759,0
715,SAT-17-0,SAT-68-16,94,3,509.01535318080624,14256
716,SAT-66-3,SAT-30-19,43,1,100.78883807463852,4752
717,SAT-19-4,SAT-3-15,72,2,388.4369865292548,9504
718,SAT-39-3,SAT-28-16,47,3,248.58240956967333,14256
719,SAT-23-20,SAT-70-15,35,0,101.72988074627725,0
720,SAT-56-11,SAT-54-4,14,3,75.63940512898529,14256
721,SAT-34-21,SAT-43-7,20,3,81.20021197824073,14256
722,SAT-44-5,SAT-40-14,14,3,66.0026133409,14256
723,SAT-32-20,SAT-15-13,25,1,74.94076941547061,4752
724,SAT-44-1,SAT-20-18,52,1,218.72270082131246,4752
725,SAT-41-8,SAT-0-15,83,2,387.69966126790763,9504
726,SAT-5-8,SAT-26-7,33,5,108.00696906249821,23760
727,SAT-58-1,SAT-60-19,7,0,29.71971447708565,0
728,SAT-2-15,SAT-58-19,21,3,53.89832995461401,14256
729,SAT-56-16,SAT-41-18,20,2,52.171285991940685,9504
730,SAT-71-1,SAT-11-12,24,2,92.66429720227259,9504
731,SAT-45-15,SAT-9-0,44,1,108.16740471472605,4752
732,SAT-12-18,SAT-2-7,22,2,89.25865983808487,9504
733,SAT-35-10,SAT-34-17,13,3,73.95832185747936,14256
734,SAT-57-6,SAT-39-5,26,3,76.19699864863206,14256
735,SAT-63-20,SAT-71-17,56,2,322.45033622044815,9504
736,SAT-47-0,SAT-22-10,36,3,108.36329222394687,14256
737,SAT-46-21,SAT-41-18,9,0,28.342485062392715,0
738,SAT-11-18,SAT-26-20,18,1,39.062608721672476,4752
739,SAT-70-20,SAT-27-17,41,2,121.58830188078808,9504
740,SAT-68-2,SAT-56-0,15,0,33.54684033828117,0
741,SAT-65-20,SAT-18-18,50,1,200.8301725151699,4752
742,SAT-18-21,SAT-19-11,12,3,67.36523530116256,14256
743,SAT-62-19,SAT-43-9,30,3,97.98627589480058,14256
744,SAT-29-5,SAT-29-20,8,0,45.96484646551396,0
745,SAT-53-9,SAT-7-16,40,2,130.350028945942,9504
746,SAT-51-20,SAT-9-0,33,0,70.39443496561249,0
747,SAT-34-5,SAT-29-11,12,3,48.04973649157942,14256
748,SAT-63-2,SAT-30-12,44,0,122.76262436176688,0
749,SAT-5-12,SAT-29-7,40,5,139.30433527802435,23760
750,SAT-17-17,SAT-35-15,25,3,69.98974222509545,14256
751,SAT-62-19,SAT-44-1,23,0,57.424732483874806,0
752,SAT-43-9,SAT-1-19,41,1,117.5959095995473,4752
753,SAT-9-1,SAT-56-19,30,0,69.54216256860062,0
754,SAT-46-10,SAT-50-15,54,2,328.55199245799474,9504
755,SAT-0-2,SAT-38-18,63,1,242.74272272632916,4752
756,SAT-61-12,SAT-64-18,12,3,57.300449079263785,14256
757,SAT-13-7,SAT-40-5,36,3,98.39587934811115,14256
758,SAT-53-21,SAT-34-17,68,2,348.0929127506615,9504
759,SAT-63-14,SAT-68-10,10,1,34.75907585629407,4752
760,SAT-60-14,SAT-65-4,40,3,231.74713739362116,14256
761,SAT-18-5,SAT-37-0,25,3,65.09141766489539,14256
762,SAT-2-0,SAT-54-11,32,2,106.1877198332775,9504
763,SAT-21-11,SAT-18-3,36,2,215.2185994361439,9504
764,SAT-0-2,SAT-10-10,19,3,69.85788865113527,14256
765,SAT-19-11,SAT-43-9,27,0,58.99363069347473,0
766,SAT-19-13,SAT-12-17,16,3,64.66549799043007,14256
767,SAT-21-18,SAT-41-15,28,3,79.90553131823498,14256
768,SAT-45-15,SAT-49-19,9,3,33.199480772848894,14256
769,SAT-22-21,SAT-28-17,55,2,325.5882999523201,9504
770,SAT-48-6,SAT-46-17,14,3,75.62288415628888,14256
771,SAT-28-4,SAT-20-18,17,2,66.10089765967041,9504
772,SAT-7-14,SAT-40-8,40,1,95.1476942870502,4752
773,SAT-22-6,SAT-63-20,40,3,105.11362575882332,14256
774,SAT-64-18,SAT-35-4,86,2,418.01239430588095,9504
775,SAT-55-9,SAT-63-14,36,1,190.85598982090363,4752
776,SAT-13-8,SAT-22-20,20,2,80.50631842176752,9504
777,SAT-34-21,SAT-8-12,36,3,103.17744418097047,14256
778,SAT-15-21,SAT-44-5,64,4,273.11878714793477,19008
779,SAT-4-8,SAT-1-3,11,3,51.05097543930262,14256
780,SAT-50-6,SAT-62-9,16,2,40.52953147269788,9504
781,SAT-16-8,SAT-68-16,55,3,257.97501162113014,14256
782,SAT-27-18,SAT-27-18,1,0,0,0
783,SAT-38-7,SAT-26-5,21,3,72.86581123518204,14256
784,SAT-5-12,SAT-63-0,25,3,89.53885120120037,14256
785,SAT-18-0,SAT-23-20,8,0,22.697782335828595,0
786,SAT-9-18,SAT-8-6,56,3,356.3226148956755,14256
787,SAT-65-3,SAT-43-15,57,3,260.51958058908696,14256
788,SAT-55-6,SAT-45-14,19,1,69.89781757823451,4752
789,SAT-29-5,SAT-27-0,8,3,36.21946545324073,14256
790,SAT-49-10,SAT-10-10,84,4,385.65627690060967,19008
791,SAT-56-16,SAT-38-7,28,1,89.56959316479137,4752
792,SAT-12-15,SAT-54-16,38,3,98.08843283289681,14256
793,SAT-67-9,SAT-50-14,45,1,206.0720274573474,4752
794,SAT-1-7,SAT-18-21,26,2,81.31030133668752,9504
795,SAT-21-12,SAT-34-5,27,3,107.35998425412673,14256
796,SAT-38-17,SAT-7-12,37,3,85.28569755829042,14256
797,SAT-55-7,SAT-60-11,10,1,34.95686949201645,4752
798,SAT-0-8,SAT-12-5,22,3,79.40230401309825,14256
799,SAT-68-19,SAT-2-15,15,3,62.68357523931052,14256
800,SAT-21-18,SAT-40-14,26,1,71.5316508414347,4752
801,SAT-10-18,SAT-41-17,57,2,218.070516683827,9504
802,SAT-1-7,SAT-19-21,27,3,82.97324248498391,14256
803,SAT-29-8,SAT-49-1,28,3,79.31036731674176,14256
804,SAT-9-2,SAT-23-1,16,0,30.24350949023577,0
805,SAT-66-3,SAT-40-21,31,1,70.21574113255178,4752
806,SAT-56-9,SAT-11-8,29,0,53.54202800130167,0
807,SAT-44-19,SAT-2-10,40,3,109.80933041155745,14256
808,SAT-34-17,SAT-56-8,32,0,96.2862182328393,0
809,SAT-29-19,SAT-58-0,33,0,70.15451693371179,0
810,SAT-61-10,SAT-52-7,23,5,100.56928905622819,23760
811,SAT-70-10,SAT-2-15,54,2,328.51214870883507,9504
812,SAT-2-15,SAT-34-5,129,5,685.5757287049025,23760
813,SAT-67-0,SAT-50-15,29,3,100.95292268095552,14256
814,SAT-21-15,SAT-43-9,29,2,76.5686688041616,9504
815,SAT-18-18,SAT-27-10,18,1,67.72975250900774,4752
816,SAT-10-13,SAT-44-3,47,3,136.21343296508658,14256
817,SAT-11-13,SAT-24-6,29,4,120.44948759921354,19008
818,SAT-56-20,SAT-26-16,101,3,511.8911890264662,14256
819,SAT-40-4,SAT-68-7,34,3,81.59190926961104,14256
820,SAT-10-3,SAT-12-17,55,2,344.9375775751723,9504
821,SAT-20-13,SAT-58-10,38,0,77.08740872889659,0
822,SAT-22-12,SAT-29-20,16,3,64.72676651338016,14256
823,SAT-12-14,SAT-25-4,48,3,245.20036847185617,14256
824,SAT-6-11,SAT-56-20,32,0,97.42641617262053,0
825,SAT-54-19,SAT-42-0,16,0,40.615310130728744,0
826,SAT-24-12,SAT-36-18,21,3,73.44734332037031,14256
827,SAT-66-8,SAT-56-8,81,4,477.07853983583595,19008
828,SAT-66-5,SAT-63-11,10,3,44.627462381800754,14256
829,SAT-42-12,SAT-38-20,13,3,59.50328317574677,14256
830,SAT-56-14,SAT-57-7,9,1,47.65106425452493,4752
831,SAT-54-2,SAT-50-0,7,0,19.877684431935105,0
832,SAT-43-7,SAT-14-11,34,1,76.83577124615273,4752
833,SAT-28-17,SAT-29-7,12,3,67.35028416830383,14256
834,SAT-5-14,SAT-18-5,49,3,251.27164955546002,14256
835,SAT-65-21,SAT-57-13,17,3,66.01430852701824,14256
836,SAT-38-11,SAT-59-6,35,4,120.75630677998812,19008
837,SAT-41-1,SAT-68-8,35,3,93.06872039068837,14256
838,SAT-60-9,SAT-50-20,22,3,89.08429229670097,14256
839,SAT-15-20,SAT-51-21,38,0,75.6223499710669,0
840,SAT-57-7,SAT-62-9,8,1,21.859698306079494,4752
841,SAT-10-10,SAT-30-3,30,3,92.78857046534718,14256
842,SAT-33-13,SAT-36-1,14,3,70.47114161942073,14256
843,SAT-18-0,SAT-64-10,37,2,111.04386853648685,9504
844,SAT-0-2,SAT-7-3,19,5,84.22583671480753,23760
845,SAT-21-17,SAT-15-21,11,2,36.74261858469222,9504
846,SAT-58-8,SAT-8-15,74,2,371.9283281080546,9504
847,SAT-13-7,SAT-42-4,37,3,94.79239635804804,14256
848,SAT-41-8,SAT-55-3,22,3,69.53676710327522,14256
849,SAT-54-6,SAT-59-6,44,1,257.94199532623577,4752
850,SAT-4-21,SAT-8-10,16,3,78.96195771129285,14256
851,SAT-44-1,SAT-23-2,23,0,41.90670128179054,0
852,SAT-13-0,SAT-60-20,28,0,61.12690543445183,0
853,SAT-40-13,SAT-45-5,20,1,100.34404879860026,4752
854,SAT-18-19,SAT-26-7,41,3,224.1006357637851,14256
855,SAT-69-3,SAT-30-2,35,1,62.07350253566543,4752
856,SAT-20-7,SAT-35-21,24,3,77.76175123877958,14256
857,SAT-30-14,SAT-24-19,12,3,43.31847164810597,14256
858,SAT-23-2,SAT-41-16,33,2,122.20629069341868,9504
859,SAT-64-7,SAT-49-18,27,3,97.46097115256774,14256
860,SAT-56-19,SAT-30-12,34,2,89.67590936042986,9504
861,SAT-36-9,SAT-18-5,89,3,490.69234347181464,14256
862,SAT-46-21,SAT-38-21,25,3,118.06052380052377,14256
863,SAT-57-18,SAT-51-16,55,3,325.14353646234395,14256
864,SAT-33-0,SAT-29-5,38,4,223.03400147492633,19008
865,SAT-1-14,SAT-38-20,42,2,100.62432881667176,9504
866,SAT-19-9,SAT-19-12,4,0,19.69921991378815,0
867,SAT-42-12,SAT-68-13,28,0,50.25565561452497,0
868,SAT-53-0,SAT-24-13,39,1,107.82797590757293,4752
869,SAT-36-20,SAT-58-15,72,2,360.23876976596773,9504
870,SAT-44-13,SAT-67-17,32,3,92.78345317047383,14256
871,SAT-62-11,SAT-58-8,8,0,26.699602534142734,0
872,SAT-70-13,SAT-19-14,25,1,54.96906056926267,4752
873,SAT-55-18,SAT-45-13,16,2,49.62719540652562,9504
874,SAT-4-18,SAT-23-13,25,3,64.74284140171652,14256
875,SAT-47-5,SAT-12-2,39,3,78.4528871039299,14256
876,SAT-19-14,SAT-71-16,29,2,87.54884169711242,9504
877,SAT-61-3,SAT-67-0,10,1,29.771277146380577,4752
878,SAT-65-2,SAT-69-16,79,3,492.9176089255152,14256
879,SAT-33-20,SAT-60-4,42,2,139.20343753247906,9504
880,SAT-64-21,SAT-54-0,12,0,26.456366613412,0
881,SAT-27-18,SAT-1-19,28,1,52.10962994915103,4752
882,SAT-22-2,SAT-71-3,35,5,112.5187090232964,23760
883,SAT-30-5,SAT-18-21,19,0,59.53246803987922,0
884,SAT-26-6,SAT-20-4,13,0,49.465453933735276,0
885,SAT-6-5,SAT-69-10,15,3,48.604035205847,14256
886,SAT-14-6,SAT-21-20,16,3,64.27021573551947,14256
887,SAT-19-2,SAT-48-8,36,2,89.99784646805125,9504
888,SAT-25-0,SAT-6-4,24,0,58.12852512449409,0
889,SAT-49-10,SAT-45-19,14,3,66.10743841523553,14256
890,SAT-18-20,SAT-51-0,36,0,76.618925326143,0
891,SAT-24-20,SAT-30-5,42,4,240.3435890909812,19008
892,SAT-12-2,SAT-40-14,41,3,125.72916759761208,14256
893,SAT-67-9,SAT-27-1,41,0,106.1681536090771,0
894,SAT-0-12,SAT-41-18,40,1,106.8812630479948,4752
895,SAT-46-1,SAT-29-5,50,4,239.94312816125142,19008
896,SAT-54-0,SAT-13-5,65,4,271.06563012067454,19008
897,SAT-60-6,SAT-49-18,22,1,84.09248875278425,4752
898,SAT-41-8,SAT-37-7,16,5,78.93171751667317,23760
899,SAT-5-11,SAT-46-7,36,0,80.63983762072853,0
900,SAT-19-2,SAT-47-20,33,0,73.15074783294179,0
901,SAT-58-15,SAT-39-13,22,2,44.9477170024132,9504
902,SAT-14-9,SAT-11-2,11,3,50.98825231706116,14256
903,SAT-45-14,SAT-36-1,19,3,74.89074013207414,14256
904,SAT-7-11,SAT-0-10,9,0,20.481835091581292,0
905,SAT-14-19,SAT-28-14,22,3,69.39560516039349,14256
906,SAT-46-11,SAT-36-8,14,0,37.25487820140719,0
907,SAT-56-8,SAT-35-20,32,3,100.40225604606874,14256
908,SAT-63-20,SAT-67-9,16,3,78.92497550147397,14256
909,SAT-18-21,SAT-10-21,25,0,118.45151117537159,0
910,SAT-21-10,SAT-36-9,17,0,35.4536966022646,0
911,SAT-23-20,SAT-0-15,95,3,506.61078702004204,14256
912,SAT-1-6,SAT-66-2,12,3,37.97510153021112,14256
913,SAT-7-8,SAT-24-21,27,3,87.53495611768946,14256
914,SAT-70-7,SAT-3-8,7,1,15.348127448150542,4752
915,SAT-20-8,SAT-6-21,24,2,82.50479421447011,9504
916,SAT-7-2,SAT-7-3,2,0,6.566406637929178,0
917,SAT-32-10,SAT-40-4,19,3,79.03957179249936,14256
918,SAT-1-17,SAT-12-5,86,3,505.24242998663004,14256
919,SAT-0-12,SAT-38-12,85,4,388.0624699432667,19008
920,SAT-43-21,SAT-12-20,33,0,66.29752814666911,0
921,SAT-53-14,SAT-49-20,11,3,46.43003367449032,14256
922,SAT-64-1,SAT-48-3,29,5,106.61071319638872,23760
923,SAT-59-0,SAT-7-15,32,3,105.65234771662112,14256
924,SAT-63-18,SAT-30-5,43,0,114.24375299535156,0
925,SAT-33-9,SAT-21-16,26,3,106.46737936669426,14256
926,SAT-68-10,SAT-49-9,21,0,43.18518126031724,0
927,SAT-59-12,SAT-35-4,37,3,118.8828512884217,14256
928,SAT-70-9,SAT-45-6,51,1,208.12702651824924,4752
929,SAT-70-3,SAT-21-21,28,1,64.68134936693531,4752
930,SAT-49-17,SAT-25-5,121,4,672.6018273487211,19008
931,SAT-60-17,SAT-41-19,22,2,46.562355444289,9504
932,SAT-28-17,SAT-3-8,35,3,100.83274547190621,14256
933,SAT-5-19,SAT-22-20,19,0,36.477049630735365,0
934,SAT-63-11,SAT-29-8,38,0,79.52050589940006,0
935,SAT-49-7,SAT-51-18,14,2,75.56758816083708,9504
936,SAT-62-2,SAT-0-11,20,3,76.69989928249656,14256
937,SAT-1-19,SAT-33-13,39,1,92.79228212522942,4752
938,SAT-7-3,SAT-21-10,22,3,70.17673212645715,14256
939,SAT-45-5,SAT-13-18,42,3,112.4915020390239,14256
940,SAT-24-12,SAT-49-18,34,3,96.01058602442504,14256
941,SAT-36-11,SAT-53-16,29,3,102.16743084125267,14256
942,SAT-71-17,SAT-18-21,24,2,59.293236798322496,9504
943,SAT-7-5,SAT-25-15,29,1,97.36202172238262,4752
944,SAT-20-4,SAT-13-4,86,4,523.4013777167845,19008
945,SAT-9-0,SAT-43-6,45,3,125.5642558997435,14256
946,SAT-28-10,SAT-20-4,19,3,78.99898209556066,14256
947,SAT-9-16,SAT-35-4,37,1,111.47009365966137,4752
948,SAT-4-5,SAT-26-1,27,2,62.9366447714489,9504
949,SAT-56-16,SAT-61-9,13,3,54.29916878817163,14256
950,SAT-30-5,SAT-65-0,41,3,91.14263593759819,14256
951,SAT-3-1,SAT-6-4,15,4,77.29787899067844,19008
952,SAT-65-20,SAT-0-13,15,3,57.626967015096,14256
953,SAT-26-4,SAT-42-20,23,0,66.05471536950522,0
954,SAT-14-21,SAT-25-0,13,0,28.402741249636584,0
955,SAT-14-0,SAT-3-15,23,3,90.54733777011532,14256
956,SAT-31-14,SAT-19-14,63,4,349.48009244939726,19008
957,SAT-40-21,SAT-71-0,33,0,68.09624700985523,0
958,SAT-67-0,SAT-26-5,103,3,517.8351265056372,14256
959,SAT-70-21,SAT-37-2,37,0,74.64981417241665,0
960,SAT-3-19,SAT-6-5,60,4,372.79101083154137,19008
961,SAT-38-16,SAT-38-16,1,0,0,0
962,SAT-44-17,SAT-68-14,30,3,72.77574613561909,14256
963,SAT-25-15,SAT-62-2,45,3,120.84058968252725,14256
964,SAT-28-5,SAT-48-14,30,3,94.37933399346036,14256
965,SAT-59-20,SAT-37-10,33,3,102.260467407615,14256
966,SAT-20-4,SAT-7-9,19,3,55.77512519661069,14256
967,SAT-61-10,SAT-48-18,24,2,88.17538465331843,9504
968,SAT-28-10,SAT-6-2,31,2,89.12765413174917,9504
969,SAT-38-14,SAT-56-17,26,3,77.732204628998,14256
970,SAT-70-20,SAT-36-8,45,3,125.69521209799343,14256
971,SAT-60-0,SAT-71-17,25,3,103.652147324844,14256
972,SAT-63-19,SAT-9-16,88,3,484.86325280937996,14256
973,SAT-52-7,SAT-55-13,10,1,44.69530562627381,4752
974,SAT-69-9,SAT-5-20,20,2,85.53146285849883,9504
975,SAT-14-2,SAT-24-18,39,1,201.5232840099428,4752
976,SAT-14-13,SAT-42-9,33,0,72.79530539945956,0
977,SAT-40-0,SAT-45-14,16,3,73.52763423190802,14256
978,SAT-36-0,SAT-1-21,37,0,75.99478174641123,0
979,SAT-58-16,SAT-12-18,31,0,72.19176173629954,0
980,SAT-12-19,SAT-64-9,31,3,98.88255279145078,14256
981,SAT-45-13,SAT-59-4,28,3,108.61622678159227,14256
982,SAT-43-7,SAT-14-9,32,1,64.38036263265418,4752
983,SAT-31-16,SAT-62-17,37,2,87.61389629519903,9504
984,SAT-63-19,SAT-22-14,39,0,97.4535004043599,0
985,SAT-33-2,SAT-47-12,25,2,90.41498990602643,9504
986,SAT-37-16,SAT-18-1,27,2,79.33591094494321,9504
987,SAT-5-21,SAT-6-11,12,3,67.32414034098227,14256
988,SAT-4-3,SAT-43-11,42,2,110.4406370771433,9504
989,SAT-17-14,SAT-66-20,30,2,80.06067133577582,9504
990,SAT-65-18,SAT-71-9,16,3,69.05299876858142,14256
991,SAT-19-7,SAT-62-13,36,1,90.69040679863619,4752
992,SAT-35-1,SAT-44-12,21,2,87.16348155805564,9504
993,SAT-8-4,SAT-71-19,17,2,60.89785500634079,9504
994,SAT-37-6,SAT-67-18,41,3,115.44076151538633,14256
995,SAT-6-15,SAT-30-11,29,2,66.0665534130725,9504
996,SAT-34-13,SAT-3-20,39,3,100.81789235979733,14256
997,SAT-27-7,SAT-45-11,23,1,58.11578223226241,4752
998,SAT-25-9,SAT-43-11,21,0,47.946171286404216,0
999,SAT-24-19,SAT-37-7,44,1,219.99508935162814,4752
