index,source,destination,hops,fail count,delay
0,SAT-30-3,SAT-11-12,29,0,82.51750020544806
1,SAT-11-11,SAT-9-3,11,0,54.99649946807539
2,SAT-44-1,SAT-42-9,11,0,54.99649946807539
3,SAT-40-12,SAT-13-7,33,0,85.77882429593241
4,SAT-0-6,SAT-37-6,36,0,43.141811381206765
5,SAT-54-9,SAT-28-3,137,58,773.2803892355398
6,SAT-42-10,SAT-30-3,20,0,69.50141670340409
7,SAT-13-7,SAT-12-18,19,5,113.59029369795755
8,SAT-17-1,SAT-16-18,19,6,113.5895151164651
9,SAT-44-1,SAT-37-6,21,5,99.09295226518928
10,SAT-29-15,SAT-17-1,21,1,67.33053255470269
11,SAT-70-14,SAT-40-12,33,1,67.55009324635323
12,SAT-9-3,SAT-42-10,41,1,91.5551669618245
13,SAT-16-18,SAT-54-9,44,1,101.0289515199562
14,SAT-37-6,SAT-53-5,20,1,41.803617730185174
15,SAT-54-9,SAT-44-1,19,8,72.12943398362063
16,SAT-15-16,SAT-61-7,36,4,110.0529300298472
17,SAT-18-2,SAT-16-18,21,6,122.11495565876598
18,SAT-11-12,SAT-42-9,51,8,185.51608684923383
19,SAT-45-7,SAT-0-6,39,5,125.14556139372485
20,SAT-54-9,SAT-42-10,14,1,30.11686507899433
21,SAT-60-2,SAT-57-21,7,1,25.577491607698
22,SAT-37-6,SAT-63-11,32,2,74.64392419378925
23,SAT-29-15,SAT-49-16,22,0,34.166165790545385
24,SAT-30-3,SAT-9-3,106,42,592.7260594434341
25,SAT-17-1,SAT-30-0,15,0,32.03377467430413
26,SAT-32-4,SAT-47-21,21,3,62.21745784700259
27,SAT-62-11,SAT-45-7,22,0,60.47947567862241
28,SAT-42-10,SAT-9-3,41,0,110.7412453037671
29,SAT-44-1,SAT-50-21,9,0,24.886983138801092
30,SAT-37-6,SAT-45-10,13,2,39.14474292940139
31,SAT-49-5,SAT-23-0,32,4,83.7564476818822
32,SAT-45-7,SAT-27-15,35,4,134.0405180566589
33,SAT-69-2,SAT-44-2,76,25,377.2861150620754
34,SAT-64-2,SAT-44-1,22,1,45.7390331704179
35,SAT-30-0,SAT-30-0,1,0,0
36,SAT-14-1,SAT-50-10,46,5,129.79024424819025
37,SAT-51-15,SAT-69-15,25,3,74.64663288115202
38,SAT-18-2,SAT-35-18,36,6,151.485279588883
39,SAT-16-18,SAT-49-16,44,4,130.28575364418109
40,SAT-13-7,SAT-40-0,35,4,98.8263421616809
41,SAT-61-7,SAT-14-1,32,4,88.3442691758867
42,SAT-70-14,SAT-21-16,32,5,89.59870981912283
43,SAT-44-10,SAT-36-9,10,0,22.278899866094196
44,SAT-46-5,SAT-42-10,10,5,40.68827980372883
45,SAT-65-0,SAT-67-7,10,0,49.989919294379455
46,SAT-49-4,SAT-47-21,8,3,36.74689720407973
47,SAT-69-15,SAT-26-9,36,3,96.16396803684634
48,SAT-55-12,SAT-49-16,21,5,103.71632689759858
49,SAT-24-9,SAT-23-0,11,4,61.05509174858027
50,SAT-0-6,SAT-46-5,236,105,1423.2617529839188
51,SAT-44-10,SAT-9-18,50,5,160.69821529580648
52,SAT-35-18,SAT-26-8,20,4,83.27733141429377
53,SAT-34-17,SAT-50-10,24,4,77.27731763883898
54,SAT-39-14,SAT-51-15,26,7,108.58961710549333
55,SAT-36-9,SAT-47-7,26,6,113.45257341285202
56,SAT-67-11,SAT-18-2,35,4,117.23285947925352
57,SAT-22-4,SAT-9-1,17,3,45.135351392327564
58,SAT-11-20,SAT-11-1,4,0,19.699219913788497
59,SAT-42-9,SAT-26-19,31,5,122.6367486613839
60,SAT-46-5,SAT-29-16,29,5,105.64503635736254
61,SAT-13-7,SAT-49-5,327,146,1974.6818506995337
62,SAT-0-6,SAT-26-8,133,54,747.143729905434
63,SAT-18-2,SAT-18-3,2,0,6.566406637929374
64,SAT-7-16,SAT-65-13,46,17,230.94568799247534
65,SAT-60-2,SAT-44-1,18,1,37.709654237587216
66,SAT-13-7,SAT-46-13,40,3,104.27426981005509
67,SAT-61-15,SAT-0-6,31,5,146.27567384360896
68,SAT-34-17,SAT-25-11,16,5,57.00076069180828
69,SAT-40-0,SAT-6-2,53,8,184.877195624479
70,SAT-48-10,SAT-7-8,48,7,165.68007089451498
71,SAT-17-1,SAT-21-15,19,4,99.7513141810314
72,SAT-67-7,SAT-44-10,27,3,64.92422386944354
73,SAT-50-10,SAT-45-7,9,0,29.53074251284301
74,SAT-10-7,SAT-70-17,31,5,141.7909737204616
75,SAT-64-2,SAT-25-16,50,4,169.2139543552577
76,SAT-66-12,SAT-61-7,11,0,42.60701223390608
77,SAT-57-21,SAT-9-1,27,0,60.332974448736415
78,SAT-36-4,SAT-30-19,14,3,57.694821318618445
79,SAT-39-14,SAT-25-11,18,2,46.918769445940114
80,SAT-51-17,SAT-16-4,45,3,123.0258535444913
81,SAT-50-21,SAT-14-1,39,0,83.49787037739843
82,SAT-30-0,SAT-1-11,41,4,125.19954788266989
83,SAT-41-4,SAT-40-3,7,3,34.78661810913414
84,SAT-30-3,SAT-11-4,31,5,106.93434965320468
85,SAT-39-14,SAT-65-13,30,2,70.3566941338286
86,SAT-14-1,SAT-24-1,11,0,19.54172645500638
87,SAT-8-21,SAT-49-16,37,0,93.82164574268594
88,SAT-44-2,SAT-36-9,16,4,60.582533336745094
89,SAT-29-16,SAT-18-20,16,4,46.364945999672344
90,SAT-40-3,SAT-30-20,16,2,52.36962306951598
91,SAT-60-2,SAT-42-9,26,4,78.86706222396593
92,SAT-34-19,SAT-36-9,13,4,69.57158435526758
93,SAT-66-7,SAT-65-18,17,4,100.32400044440973
94,SAT-16-9,SAT-36-3,31,4,104.73924613903041
95,SAT-16-21,SAT-69-2,37,7,145.3397597990137
96,SAT-11-11,SAT-28-0,29,0,106.43994191009371
97,SAT-15-17,SAT-40-3,34,3,98.24599986592513
98,SAT-27-9,SAT-29-15,9,0,43.05561956857651
99,SAT-38-20,SAT-9-3,47,6,163.5963511506698
100,SAT-57-21,SAT-2-9,28,0,99.1285056485926
101,SAT-9-3,SAT-26-9,24,6,70.49616313914035
102,SAT-36-4,SAT-55-12,28,5,87.28753209871196
103,SAT-42-17,SAT-53-6,23,3,92.35252927764843
104,SAT-22-4,SAT-32-18,19,3,72.06052837120437
105,SAT-26-8,SAT-50-10,27,1,57.051968173692615
106,SAT-65-0,SAT-38-20,30,0,67.46384291669399
107,SAT-18-5,SAT-30-0,18,4,56.262149893134115
108,SAT-21-16,SAT-65-4,39,4,116.29947758920434
109,SAT-69-2,SAT-0-7,17,9,90.39031455202965
110,SAT-42-9,SAT-22-10,22,0,43.179420738569654
111,SAT-30-20,SAT-55-7,35,0,104.86392736716597
112,SAT-64-2,SAT-11-12,30,7,100.44642977490156
113,SAT-2-17,SAT-40-11,41,5,105.76951834727913
114,SAT-39-5,SAT-0-7,168,68,940.3099627485093
115,SAT-60-2,SAT-20-7,142,57,771.7763623554774
116,SAT-27-9,SAT-61-15,41,0,101.66384997604838
117,SAT-13-20,SAT-42-9,41,0,125.33920520268352
118,SAT-11-1,SAT-11-4,4,0,19.699219913788525
119,SAT-40-0,SAT-14-17,32,0,85.1490481388047
120,SAT-28-2,SAT-25-16,20,4,110.91625035883536
121,SAT-29-18,SAT-51-1,28,2,73.13646104572747
122,SAT-36-4,SAT-5-4,212,90,1241.8554940523918
123,SAT-60-12,SAT-9-2,34,4,119.77308871890483
124,SAT-14-1,SAT-69-2,33,7,129.64043018500084
125,SAT-15-6,SAT-27-14,21,3,74.09364149539338
126,SAT-18-17,SAT-36-9,27,4,87.64609841353058
127,SAT-11-0,SAT-26-8,24,0,82.71304225887751
128,SAT-18-3,SAT-44-3,31,2,76.98706977741003
129,SAT-46-16,SAT-48-7,12,4,62.99930922026242
130,SAT-29-18,SAT-57-9,38,4,113.70886124285197
131,SAT-53-6,SAT-40-13,21,3,69.79883916570253
132,SAT-39-8,SAT-39-5,4,0,19.699219913786663
133,SAT-34-4,SAT-18-20,23,3,70.60484068557025
134,SAT-34-17,SAT-34-19,3,0,13.132813275858744
135,SAT-6-7,SAT-30-1,31,4,86.19781569105619
136,SAT-11-8,SAT-24-2,22,4,77.29356821809844
137,SAT-30-20,SAT-40-12,19,4,72.03099304655157
138,SAT-42-9,SAT-65-14,29,0,75.01552359219241
139,SAT-48-10,SAT-22-4,33,0,90.64415310800135
140,SAT-65-0,SAT-67-11,14,0,76.25446776555319
141,SAT-28-3,SAT-60-2,36,2,82.0847099185085
142,SAT-65-14,SAT-47-9,24,2,67.92387131730429
143,SAT-11-14,SAT-57-21,34,4,93.66820361571024
144,SAT-55-7,SAT-9-3,35,4,102.85013299830005
145,SAT-18-5,SAT-11-11,14,4,52.040805803988036
146,SAT-54-20,SAT-12-3,36,0,87.89472825275598
147,SAT-32-18,SAT-11-8,32,6,105.4195959145956
148,SAT-63-3,SAT-42-14,33,4,110.77435956139998
149,SAT-46-15,SAT-28-17,27,4,85.56887014129855
150,SAT-2-17,SAT-61-16,115,51,688.2299706026031
151,SAT-65-0,SAT-29-3,52,6,164.59572790109488
152,SAT-64-2,SAT-26-9,42,7,107.91657970087257
153,SAT-3-13,SAT-46-8,35,1,89.34397320779922
154,SAT-64-8,SAT-42-10,25,1,53.52703058995401
155,SAT-32-11,SAT-18-17,27,4,104.5117626727346
156,SAT-30-1,SAT-11-12,31,4,107.12924282679774
157,SAT-36-9,SAT-44-10,10,0,21.260625505119144
158,SAT-49-16,SAT-7-16,39,4,110.97893445272445
159,SAT-30-11,SAT-36-4,20,4,97.05282256293911
160,SAT-18-2,SAT-58-7,42,4,117.8961519294566
161,SAT-26-8,SAT-13-20,24,7,90.26144408220513
162,SAT-50-7,SAT-7-19,40,4,122.15093730464149
163,SAT-25-12,SAT-42-17,23,0,65.945026490712
164,SAT-36-9,SAT-69-2,43,4,123.37582320813571
165,SAT-70-15,SAT-59-17,20,4,72.75065397952132
166,SAT-6-17,SAT-40-0,40,3,95.32836317028392
167,SAT-13-21,SAT-28-2,19,0,49.29526644562391
168,SAT-64-20,SAT-21-15,41,4,128.70474993204735
169,SAT-51-15,SAT-24-2,37,4,108.13348562339955
170,SAT-3-17,SAT-34-17,42,5,125.64762709263236
171,SAT-44-3,SAT-38-7,15,4,62.94826798235223
172,SAT-10-13,SAT-22-18,62,27,343.3905938563605
173,SAT-55-10,SAT-27-4,35,0,94.65396343166752
174,SAT-65-14,SAT-11-0,27,6,85.62966697809408
175,SAT-9-3,SAT-49-16,42,2,121.38617850991211
176,SAT-30-0,SAT-3-17,33,0,87.14683451617883
177,SAT-67-17,SAT-50-21,22,3,57.5366698322004
178,SAT-25-12,SAT-61-12,37,0,70.07458361461612
179,SAT-45-7,SAT-25-0,28,6,84.89517069584842
180,SAT-24-1,SAT-49-16,41,4,147.14804563053505
181,SAT-9-3,SAT-8-8,9,4,47.804990905816155
182,SAT-50-0,SAT-62-7,20,0,70.10410510183074
183,SAT-20-7,SAT-63-5,226,99,1340.0183182258886
184,SAT-65-0,SAT-34-17,37,0,95.19178466681888
185,SAT-48-2,SAT-20-14,39,1,120.14193350066476
186,SAT-69-19,SAT-28-17,44,5,139.1116611109581
187,SAT-59-17,SAT-48-7,22,5,86.36656891340638
188,SAT-29-15,SAT-4-8,33,3,94.60579925244777
189,SAT-14-17,SAT-25-8,21,4,80.49967896761802
190,SAT-30-19,SAT-12-15,115,50,663.9518552674155
191,SAT-2-19,SAT-61-7,28,4,115.86898327932114
192,SAT-47-0,SAT-6-18,38,1,138.51219608760925
193,SAT-4-12,SAT-28-17,30,0,79.51676166334654
194,SAT-0-2,SAT-59-9,21,4,69.90413681381696
195,SAT-42-8,SAT-36-9,8,1,17.619318609924235
196,SAT-65-12,SAT-65-13,2,0,6.566406637929374
197,SAT-48-2,SAT-5-1,31,1,62.96428912229327
198,SAT-62-7,SAT-42-17,37,4,141.90554611351732
199,SAT-23-0,SAT-1-1,24,0,49.351007143309396
200,SAT-22-18,SAT-60-7,50,4,161.15194734989765
201,SAT-64-12,SAT-42-5,30,0,88.73968315759724
202,SAT-2-5,SAT-18-3,23,4,70.50741196728079
203,SAT-32-4,SAT-48-10,23,5,68.88354466567273
204,SAT-67-11,SAT-42-11,26,0,50.284297156555354
205,SAT-61-18,SAT-2-9,23,4,84.36791243534216
206,SAT-19-1,SAT-50-0,33,0,66.82623998510644
207,SAT-65-14,SAT-50-10,20,2,55.42361042938637
208,SAT-4-8,SAT-9-2,14,4,62.25058106265512
209,SAT-3-17,SAT-38-7,46,4,133.69936209384693
210,SAT-39-5,SAT-47-9,13,4,41.01882625054291
211,SAT-2-17,SAT-68-14,30,13,162.3124065671666
212,SAT-30-11,SAT-35-1,16,4,75.38116172409636
213,SAT-42-11,SAT-30-3,21,0,76.66620751632699
214,SAT-40-13,SAT-52-12,14,1,29.88743546545944
215,SAT-18-5,SAT-44-18,36,4,109.61491071466487
216,SAT-2-9,SAT-6-21,15,4,73.43595114441653
217,SAT-55-10,SAT-54-9,3,0,8.542829653187002
218,SAT-14-17,SAT-60-3,35,3,100.49641219547365
219,SAT-27-14,SAT-39-14,17,2,49.58128084709082
220,SAT-62-7,SAT-7-19,28,4,98.68693969943763
221,SAT-18-6,SAT-38-1,26,4,71.68247238981417
222,SAT-44-19,SAT-48-10,14,4,66.145936983258
223,SAT-57-8,SAT-1-6,29,5,109.87723101528503
224,SAT-12-18,SAT-51-7,49,4,159.39682692952505
225,SAT-39-2,SAT-61-6,73,27,368.73283920133997
226,SAT-66-19,SAT-26-8,44,1,131.30689819163206
227,SAT-54-20,SAT-45-8,22,4,95.41212423545497
228,SAT-0-2,SAT-10-13,22,7,90.69185588422495
229,SAT-25-6,SAT-36-3,19,4,67.3276316053801
230,SAT-2-5,SAT-7-19,14,4,62.23935031106295
231,SAT-30-3,SAT-0-4,42,5,127.03750503151548
232,SAT-27-3,SAT-53-18,46,6,175.24383160031172
233,SAT-16-18,SAT-55-5,51,4,172.57327685086463
234,SAT-1-11,SAT-36-9,38,0,77.77077510047616
235,SAT-1-11,SAT-36-4,49,4,153.304101779122
236,SAT-61-18,SAT-57-21,8,2,27.089053723420463
237,SAT-29-15,SAT-19-1,19,4,71.00583762751467
238,SAT-32-6,SAT-18-20,23,5,79.70757929785414
239,SAT-16-13,SAT-49-5,50,4,169.12098937942227
240,SAT-47-6,SAT-50-21,11,4,51.62654472952493
241,SAT-48-12,SAT-60-2,25,4,102.08541793391443
242,SAT-39-11,SAT-44-19,14,0,62.58541520443971
243,SAT-33-2,SAT-51-1,20,1,41.49921405607508
244,SAT-67-13,SAT-59-9,13,1,41.79131873756057
245,SAT-48-19,SAT-34-19,169,77,1035.6247618634056
246,SAT-2-11,SAT-63-3,20,0,74.64959223363817
247,SAT-9-3,SAT-66-7,24,4,80.26286748907613
248,SAT-21-16,SAT-47-9,34,4,96.41149056295686
249,SAT-37-14,SAT-2-9,41,2,100.74097716698775
250,SAT-42-14,SAT-35-12,10,2,26.711400780243693
251,SAT-4-4,SAT-66-7,18,4,64.45915231786479
252,SAT-41-20,SAT-57-14,27,4,96.70083781788446
253,SAT-14-13,SAT-15-20,9,7,47.814277050742135
254,SAT-33-2,SAT-55-13,34,7,112.71640522718407
255,SAT-10-6,SAT-9-18,12,4,67.60340592186752
256,SAT-70-0,SAT-28-13,42,4,207.9578177569927
257,SAT-5-1,SAT-34-14,43,4,141.22486838319688
258,SAT-70-12,SAT-45-8,30,0,74.7491151159869
259,SAT-21-3,SAT-22-10,9,6,47.814932256210234
260,SAT-40-1,SAT-69-3,32,0,69.36031954218673
261,SAT-66-18,SAT-20-8,37,4,116.0749340663479
262,SAT-19-0,SAT-46-8,36,0,106.81545444978245
263,SAT-21-16,SAT-28-2,16,4,64.8881476326825
264,SAT-40-2,SAT-47-12,18,7,78.61924572695506
265,SAT-55-7,SAT-1-11,23,2,59.59069932008672
266,SAT-70-15,SAT-30-0,40,5,105.20942027594396
267,SAT-13-16,SAT-62-0,30,4,81.38197875404839
268,SAT-48-18,SAT-6-19,88,29,429.4250951294235
269,SAT-68-14,SAT-15-0,28,6,87.70771880338239
270,SAT-69-19,SAT-57-18,136,62,829.5301127874536
271,SAT-46-11,SAT-14-18,44,4,131.495908634585
272,SAT-44-10,SAT-33-16,26,4,112.30218642447943
273,SAT-26-15,SAT-27-4,13,5,74.08251788026546
274,SAT-41-21,SAT-16-9,36,4,111.96518795535764
275,SAT-25-17,SAT-9-18,22,3,62.47516437761142
276,SAT-19-1,SAT-64-10,37,4,108.52152737551508
277,SAT-31-6,SAT-35-4,13,4,60.28121881387266
278,SAT-8-9,SAT-56-16,40,4,142.96079635088734
279,SAT-28-17,SAT-31-7,14,4,71.47654066211723
280,SAT-70-14,SAT-37-20,40,4,100.13322762516302
281,SAT-48-19,SAT-43-10,15,4,68.78278998493737
282,SAT-15-7,SAT-10-19,16,4,75.34919662286978
283,SAT-7-18,SAT-41-21,38,2,82.71296481383757
284,SAT-13-20,SAT-42-10,40,4,121.83782179201692
285,SAT-45-10,SAT-59-7,30,6,124.88945848542438
286,SAT-67-13,SAT-30-4,51,4,166.27567619846053
287,SAT-27-13,SAT-36-15,22,7,95.48282635768271
288,SAT-0-2,SAT-25-17,43,5,160.04289615160212
289,SAT-47-21,SAT-34-1,16,0,38.30808459539706
290,SAT-13-20,SAT-0-18,16,0,37.243154293869566
291,SAT-47-16,SAT-17-16,235,102,1394.2876279793288
292,SAT-24-10,SAT-0-8,27,0,60.6811879108438
293,SAT-65-19,SAT-6-21,16,1,37.243154293869495
294,SAT-59-17,SAT-31-6,46,4,163.5588781143576
295,SAT-59-9,SAT-10-6,37,5,129.8825898045557
296,SAT-56-2,SAT-4-11,30,7,95.90120025423727
297,SAT-55-5,SAT-42-8,19,4,56.35106453471995
298,SAT-42-11,SAT-49-16,13,0,46.90154916298154
299,SAT-67-2,SAT-66-2,2,0,1.771951035711426
300,SAT-50-13,SAT-7-8,49,7,180.88111005988304
301,SAT-30-11,SAT-58-18,36,0,102.24035877822237
302,SAT-6-21,SAT-24-10,30,0,107.90273230704692
303,SAT-22-4,SAT-11-12,20,4,72.94652031753296
304,SAT-37-20,SAT-25-16,17,0,48.53682714891875
305,SAT-24-9,SAT-9-3,22,0,67.24710393037697
306,SAT-48-18,SAT-42-5,24,4,122.76837848591677
307,SAT-51-13,SAT-36-13,44,14,212.71532000667352
308,SAT-34-14,SAT-48-3,26,6,98.22255951316966
309,SAT-59-4,SAT-66-18,16,3,66.07400691801098
310,SAT-4-8,SAT-63-21,23,7,83.64555528760803
311,SAT-28-3,SAT-42-11,23,6,78.53234320812064
312,SAT-56-19,SAT-26-2,36,1,88.54865484254877
313,SAT-46-18,SAT-28-0,23,2,59.69559954345992
314,SAT-18-20,SAT-48-3,36,0,88.54865484254874
315,SAT-22-6,SAT-9-2,40,15,195.53541106756012
316,SAT-21-0,SAT-49-4,33,0,82.53322762436109
317,SAT-50-7,SAT-36-4,92,40,531.7043782594988
318,SAT-67-3,SAT-42-9,32,4,85.84500797530254
319,SAT-64-8,SAT-33-2,100,37,506.46131288130965
320,SAT-9-1,SAT-39-15,45,4,149.92734210772082
321,SAT-68-12,SAT-15-17,25,0,69.5638776682259
322,SAT-27-15,SAT-30-20,9,5,38.40754404176828
323,SAT-54-0,SAT-39-11,27,4,100.10802727784598
324,SAT-41-4,SAT-16-11,33,4,92.42743689987714
325,SAT-17-1,SAT-67-2,38,7,139.39725424244097
326,SAT-55-0,SAT-24-10,42,4,123.29751160104719
327,SAT-63-21,SAT-36-9,38,4,115.86093802404861
328,SAT-53-5,SAT-24-16,41,4,126.14563145047464
329,SAT-57-14,SAT-61-19,18,9,92.79985987007939
330,SAT-13-16,SAT-65-1,28,4,83.16048755808247
331,SAT-57-14,SAT-30-1,37,4,109.31177521633867
332,SAT-34-4,SAT-9-2,78,27,389.7606177879998
333,SAT-67-13,SAT-61-17,17,4,76.82275870706617
334,SAT-5-4,SAT-12-18,16,3,66.0573454358387
335,SAT-67-10,SAT-0-6,20,5,101.20303114138501
336,SAT-10-7,SAT-32-3,31,4,95.03126852821072
337,SAT-66-1,SAT-37-15,38,0,108.5540007088189
338,SAT-60-3,SAT-36-13,35,4,110.3141366979225
339,SAT-58-7,SAT-26-10,36,2,79.2326470052911
340,SAT-23-17,SAT-0-4,33,3,101.90194816219007
341,SAT-4-15,SAT-46-5,41,3,123.60419251494342
342,SAT-67-3,SAT-6-21,16,2,47.344066428771285
343,SAT-24-15,SAT-29-8,13,3,55.62153415478443
344,SAT-7-20,SAT-65-21,16,0,32.62119089408191
345,SAT-50-21,SAT-57-18,23,6,111.41380934737653
346,SAT-39-5,SAT-21-13,27,4,85.6184714840509
347,SAT-0-5,SAT-1-12,9,4,47.82653778330026
348,SAT-25-8,SAT-40-13,21,1,60.75740295662467
349,SAT-69-19,SAT-9-2,18,1,55.17232900323054
350,SAT-42-6,SAT-22-8,25,3,63.51213641629151
351,SAT-24-9,SAT-9-3,22,0,67.33332222600835
352,SAT-29-3,SAT-22-1,10,2,26.645409454841744
353,SAT-33-4,SAT-16-3,83,33,459.29904489473677
354,SAT-38-16,SAT-58-8,29,4,91.13867075767585
355,SAT-38-9,SAT-39-8,17,7,100.42598514423051
356,SAT-67-17,SAT-56-19,16,3,46.75817052148631
357,SAT-40-5,SAT-57-21,24,4,72.20649460759255
358,SAT-32-11,SAT-20-6,18,0,56.93687232078554
359,SAT-41-3,SAT-44-2,7,2,25.48887663967071
360,SAT-41-20,SAT-40-16,8,1,40.72896444610703
361,SAT-24-15,SAT-6-10,24,3,67.5612142850693
362,SAT-28-13,SAT-21-3,22,4,105.43548557922568
363,SAT-67-12,SAT-28-14,36,0,76.80297861746307
364,SAT-24-2,SAT-61-19,41,1,100.36099643073796
365,SAT-14-20,SAT-67-12,28,0,87.95145697313542
366,SAT-60-2,SAT-15-20,32,1,78.34622375132469
367,SAT-55-5,SAT-65-14,20,4,77.7398723043645
368,SAT-56-17,SAT-21-16,291,128,1739.531453046047
369,SAT-57-20,SAT-25-15,38,0,92.48711339124347
370,SAT-29-4,SAT-24-16,24,4,127.83742823058509
371,SAT-32-4,SAT-67-2,40,3,93.76038778668288
372,SAT-57-11,SAT-28-3,38,0,110.77496092932579
373,SAT-62-7,SAT-2-20,22,4,82.23872073621378
374,SAT-29-16,SAT-64-4,46,4,130.93384846301714
375,SAT-25-6,SAT-41-3,24,4,76.81174530736375
376,SAT-15-10,SAT-49-7,50,6,164.04575960788674
377,SAT-48-12,SAT-55-13,9,0,20.061924881242323
378,SAT-66-18,SAT-46-8,31,6,104.22268993161647
379,SAT-18-5,SAT-0-14,28,4,92.67628972661117
380,SAT-44-2,SAT-54-19,30,7,144.0361190493795
381,SAT-26-8,SAT-19-9,9,1,19.629154484918555
382,SAT-41-13,SAT-30-10,15,1,40.901052135379814
383,SAT-21-13,SAT-34-20,21,7,70.22423532419981
384,SAT-16-9,SAT-2-17,29,4,118.05518862498967
385,SAT-0-18,SAT-22-17,34,5,114.62328714428217
386,SAT-7-8,SAT-58-18,36,4,130.52841717403703
387,SAT-69-2,SAT-39-8,39,4,108.53324579753222
388,SAT-39-15,SAT-15-1,33,4,97.33284725871249
389,SAT-48-3,SAT-1-17,44,5,166.36897189984302
390,SAT-70-0,SAT-57-13,23,0,85.20086099479626
391,SAT-22-4,SAT-70-14,35,4,109.82803888836662
392,SAT-48-3,SAT-42-21,11,2,37.4343237140259
393,SAT-42-8,SAT-70-19,40,1,124.51650276659345
394,SAT-20-2,SAT-67-13,37,4,118.91442815058781
395,SAT-27-13,SAT-18-11,12,1,30.46641525434665
396,SAT-47-6,SAT-6-12,38,3,97.3058874086718
397,SAT-67-12,SAT-60-2,20,4,92.27857008286114
398,SAT-0-8,SAT-7-8,22,7,105.15797790866858
399,SAT-15-0,SAT-34-14,30,3,174.6206444078801
400,SAT-51-8,SAT-56-20,16,4,75.29135964425814
401,SAT-9-20,SAT-16-18,22,6,105.40790350196185
402,SAT-20-14,SAT-9-2,22,4,86.21872151203785
403,SAT-54-10,SAT-67-11,15,0,32.40481630029115
404,SAT-8-11,SAT-22-16,20,0,60.93978900089455
405,SAT-12-18,SAT-46-11,42,4,111.41349410138898
406,SAT-25-17,SAT-45-7,31,4,104.16327087098517
407,SAT-24-17,SAT-57-9,42,4,116.0549405147336
408,SAT-33-20,SAT-43-0,13,0,31.825080271848925
409,SAT-0-10,SAT-50-0,33,0,109.3966227273797
410,SAT-41-11,SAT-51-15,15,0,46.34011698275668
411,SAT-3-20,SAT-65-14,17,0,58.09691223556991
412,SAT-18-20,SAT-30-1,16,0,42.13738680338871
413,SAT-60-14,SAT-61-4,12,1,66.9878313065703
414,SAT-17-1,SAT-48-20,35,0,77.66448437858514
415,SAT-57-14,SAT-39-5,28,2,93.72892993507013
416,SAT-42-10,SAT-8-14,51,6,168.6583717576833
417,SAT-62-8,SAT-1-11,15,1,40.27435288611155
418,SAT-65-19,SAT-67-16,14,4,75.68650190126272
419,SAT-53-5,SAT-42-8,17,4,53.40716616196559
420,SAT-18-2,SAT-52-16,51,4,170.460048184363
421,SAT-39-14,SAT-54-2,26,6,93.7303395331419
422,SAT-62-0,SAT-32-1,32,0,64.27012014747892
423,SAT-28-13,SAT-16-21,21,4,74.9842716265158
424,SAT-26-4,SAT-71-3,133,53,741.0137779104266
425,SAT-14-13,SAT-17-1,14,7,71.27917228393693
426,SAT-42-21,SAT-24-10,30,4,105.92110844506438
427,SAT-4-8,SAT-43-5,273,121,1630.06874962257
428,SAT-2-20,SAT-53-4,38,5,144.36824753934687
429,SAT-9-10,SAT-41-3,44,4,132.88481584415047
430,SAT-66-12,SAT-8-11,16,0,33.48068620336659
431,SAT-0-4,SAT-48-10,31,4,83.72054779060169
432,SAT-54-3,SAT-7-12,35,6,105.90560738907544
433,SAT-52-12,SAT-64-6,29,5,128.13188869152876
434,SAT-21-1,SAT-24-6,9,0,38.599378810813846
435,SAT-9-2,SAT-53-11,38,4,111.53977501108739
436,SAT-27-4,SAT-47-13,30,5,96.55631350544891
437,SAT-11-12,SAT-5-1,18,4,83.46806914645293
438,SAT-61-17,SAT-71-12,16,4,52.05145623753551
439,SAT-65-12,SAT-10-21,27,0,91.77067892277506
440,SAT-0-10,SAT-8-20,19,0,81.58180005802933
441,SAT-3-13,SAT-35-14,46,7,145.316768318733
442,SAT-30-3,SAT-49-5,30,6,100.65747090002404
443,SAT-29-18,SAT-40-16,22,4,86.79984888060834
444,SAT-43-0,SAT-41-10,13,4,69.41115900589445
445,SAT-36-5,SAT-11-8,31,4,78.63887265859614
446,SAT-38-18,SAT-54-2,23,2,69.38498029806868
447,SAT-30-10,SAT-11-3,27,0,83.77443638035271
448,SAT-69-15,SAT-35-13,101,34,498.34995163833963
449,SAT-62-0,SAT-51-8,22,4,86.27981295275308
450,SAT-40-2,SAT-70-11,40,7,115.34076228315007
451,SAT-6-5,SAT-28-8,64,22,309.66294538053364
452,SAT-67-2,SAT-16-15,37,4,138.824831905203
453,SAT-10-12,SAT-1-21,19,4,75.97059050390064
454,SAT-68-14,SAT-55-12,16,2,38.09821900783132
455,SAT-8-5,SAT-16-4,16,4,61.32408176933929
456,SAT-27-15,SAT-53-11,31,3,76.18314128917173
457,SAT-14-10,SAT-9-3,17,4,81.82999508211246
458,SAT-52-15,SAT-38-1,23,4,78.7865762881302
459,SAT-59-3,SAT-21-0,38,2,84.97596995506456
460,SAT-55-10,SAT-7-12,27,0,60.91092544234707
461,SAT-1-17,SAT-67-3,15,3,63.78718833872659
462,SAT-55-0,SAT-60-7,13,0,55.99544064300055
463,SAT-2-20,SAT-37-4,42,0,105.05806203343711
464,SAT-6-21,SAT-64-4,30,5,124.14917138446737
465,SAT-64-16,SAT-37-13,85,30,426.0948767242969
466,SAT-17-13,SAT-56-19,42,4,114.4589547027253
467,SAT-22-6,SAT-46-2,31,4,85.45150503852878
468,SAT-41-17,SAT-9-1,39,3,99.44954440870931
469,SAT-30-0,SAT-29-8,12,4,67.54066339745111
470,SAT-57-9,SAT-34-4,29,0,76.00771742814474
471,SAT-26-9,SAT-5-17,36,4,131.3509698444271
472,SAT-9-2,SAT-34-20,30,1,74.22468746828119
473,SAT-14-2,SAT-25-19,31,7,145.86371292394804
474,SAT-24-18,SAT-7-5,35,4,143.54137510803542
475,SAT-51-3,SAT-23-0,32,2,73.22507355450975
476,SAT-34-18,SAT-50-14,25,4,83.21678701938222
477,SAT-54-20,SAT-15-2,38,0,88.2333280814765
478,SAT-43-0,SAT-44-7,9,0,47.97053662978368
479,SAT-57-13,SAT-27-3,41,1,123.19944247168301
480,SAT-40-7,SAT-8-9,35,2,73.2420433739073
481,SAT-20-3,SAT-60-10,40,4,106.07407656355771
482,SAT-67-20,SAT-41-5,42,4,147.33484902360408
483,SAT-24-16,SAT-36-4,23,4,87.53935343526655
484,SAT-57-14,SAT-55-7,22,6,128.59638215627157
485,SAT-66-7,SAT-7-16,23,2,83.52487516024358
486,SAT-61-0,SAT-33-5,42,4,137.78439231933825
487,SAT-9-2,SAT-44-19,55,7,191.85003700018174
488,SAT-60-21,SAT-29-7,44,4,137.04639334633382
489,SAT-47-11,SAT-56-19,18,0,70.57982430522978
490,SAT-37-15,SAT-38-5,20,4,120.11160794732038
491,SAT-56-11,SAT-29-16,41,4,136.11298649160494
492,SAT-34-4,SAT-33-2,4,1,14.651797155949577
493,SAT-18-16,SAT-50-14,39,4,100.71967069437935
494,SAT-60-0,SAT-26-15,42,0,114.14327317110545
495,SAT-69-14,SAT-66-12,6,2,18.88011357444714
496,SAT-53-18,SAT-60-2,14,2,52.36908252628186
497,SAT-34-1,SAT-51-4,21,0,52.26725493909177
498,SAT-13-21,SAT-56-17,34,0,84.04853702618827
499,SAT-44-8,SAT-33-2,40,17,204.93282029012713
500,SAT-18-6,SAT-18-20,9,0,52.53125310344083
501,SAT-26-12,SAT-50-10,27,0,59.09866420083147
502,SAT-36-15,SAT-25-15,68,28,387.78518207642117
503,SAT-66-5,SAT-57-21,16,4,56.63563392444601
504,SAT-27-10,SAT-58-7,47,6,157.4179053468994
505,SAT-17-14,SAT-15-20,9,4,43.16127447636573
506,SAT-70-12,SAT-49-5,29,0,86.17395666014819
507,SAT-42-8,SAT-61-16,28,1,88.27818226698791
508,SAT-14-13,SAT-21-16,19,7,84.83031045189922
509,SAT-54-19,SAT-35-14,95,40,528.2863637371331
510,SAT-26-10,SAT-4-15,38,5,139.9004199425019
511,SAT-60-11,SAT-8-21,31,0,105.75680378325669
512,SAT-12-21,SAT-14-13,11,0,54.95576573393388
513,SAT-35-7,SAT-50-21,24,4,81.24416312241424
514,SAT-40-17,SAT-54-19,43,15,210.01740032692226
515,SAT-26-9,SAT-6-21,31,0,103.31627871633493
516,SAT-31-4,SAT-10-7,29,4,85.49966941938733
517,SAT-51-16,SAT-31-20,25,4,63.91783888875871
518,SAT-25-5,SAT-67-10,36,4,89.31035169520288
519,SAT-7-14,SAT-42-8,42,2,106.37679163722483
520,SAT-47-7,SAT-56-2,17,4,63.18309849540283
521,SAT-50-5,SAT-46-8,10,4,40.36485513334317
522,SAT-43-15,SAT-10-17,42,4,114.67703413897205
523,SAT-54-0,SAT-5-20,26,0,56.44653945214947
524,SAT-66-7,SAT-9-1,22,4,68.09552654407237
525,SAT-18-17,SAT-30-13,19,4,62.349756975781766
526,SAT-32-4,SAT-43-13,21,5,79.62996985752525
527,SAT-64-2,SAT-7-12,26,7,93.92105389833777
528,SAT-54-20,SAT-49-7,19,4,94.78228213275784
529,SAT-14-2,SAT-4-6,21,4,84.5020580586495
530,SAT-47-21,SAT-5-1,33,0,72.95884202145544
531,SAT-25-15,SAT-28-14,9,3,38.56827060902363
532,SAT-15-21,SAT-26-14,23,4,93.26334355490023
533,SAT-34-18,SAT-6-17,266,119,1606.5736081247057
534,SAT-62-18,SAT-28-2,41,2,103.46775630737568
535,SAT-15-16,SAT-40-0,32,4,86.5230139255376
536,SAT-4-6,SAT-26-19,32,4,101.15169920233285
537,SAT-32-1,SAT-53-0,23,0,46.70889885066633
538,SAT-66-5,SAT-13-9,24,4,62.08030286615946
539,SAT-2-17,SAT-61-18,19,3,57.336811720585104
540,SAT-60-15,SAT-15-0,35,5,96.87531947632945
541,SAT-49-15,SAT-61-17,43,16,219.61907603157573
542,SAT-26-2,SAT-20-6,17,4,76.97750482613543
543,SAT-16-13,SAT-63-19,34,4,99.67057996531132
544,SAT-38-15,SAT-51-15,20,3,64.24162298648777
545,SAT-60-6,SAT-69-15,19,3,76.07311766162957
546,SAT-7-16,SAT-2-21,11,4,42.26284314534991
547,SAT-44-2,SAT-30-4,27,5,104.59772318507488
548,SAT-0-18,SAT-62-21,14,2,38.56083982519418
549,SAT-26-8,SAT-44-19,30,1,106.181388857754
550,SAT-2-11,SAT-12-13,13,0,33.166236088678374
551,SAT-4-19,SAT-43-14,165,68,922.648164564132
552,SAT-46-18,SAT-21-5,43,4,158.79765565028134
553,SAT-60-14,SAT-67-13,11,2,33.06882773454742
554,SAT-36-8,SAT-35-15,19,5,113.51566255701283
555,SAT-15-1,SAT-53-11,45,4,129.8334984040065
556,SAT-6-16,SAT-53-16,208,91,1241.0570913995195
557,SAT-11-14,SAT-8-12,6,2,18.861034340994124
558,SAT-57-16,SAT-63-19,22,9,109.82011698506733
559,SAT-39-3,SAT-14-9,32,4,86.58184572810086
560,SAT-37-21,SAT-26-14,19,0,67.91632310770274
561,SAT-18-11,SAT-46-8,46,7,165.07723945447094
562,SAT-14-18,SAT-41-11,35,4,97.50430426769871
563,SAT-27-7,SAT-70-3,142,58,790.0037986547997
564,SAT-31-4,SAT-57-6,85,30,429.93754558222963
565,SAT-57-8,SAT-69-15,20,1,68.62691468614045
566,SAT-35-16,SAT-38-6,14,4,71.38905437899543
567,SAT-44-19,SAT-68-7,35,1,110.9882028205571
568,SAT-17-4,SAT-66-11,31,4,88.79493006856649
569,SAT-3-4,SAT-38-20,42,3,105.78758297076416
570,SAT-39-21,SAT-14-0,27,0,56.46739345714544
571,SAT-7-19,SAT-4-18,41,19,248.6804114047748
572,SAT-58-18,SAT-14-10,37,4,105.94933391639
573,SAT-51-16,SAT-14-18,166,66,918.5890066254627
574,SAT-4-15,SAT-18-5,33,4,144.90435988921004
575,SAT-42-21,SAT-32-17,15,0,46.22825233519024
576,SAT-40-3,SAT-42-9,9,5,42.31255560084461
577,SAT-62-8,SAT-65-14,10,1,45.06745080198792
578,SAT-60-6,SAT-22-18,45,4,130.5104511425362
579,SAT-0-6,SAT-15-16,26,3,94.00912125131342
580,SAT-51-17,SAT-14-9,44,4,119.26587089306919
581,SAT-51-13,SAT-34-17,28,4,97.79833060860678
582,SAT-30-3,SAT-7-16,33,2,102.95183714598153
583,SAT-14-5,SAT-36-5,31,4,94.47872714263667
584,SAT-57-9,SAT-53-11,7,0,20.693816623932385
585,SAT-63-19,SAT-40-1,28,1,69.5681295801265
586,SAT-34-1,SAT-18-14,26,0,89.59620160041143
587,SAT-45-9,SAT-55-9,11,0,18.90830141911075
588,SAT-6-19,SAT-52-3,45,6,167.35690317241418
589,SAT-6-17,SAT-57-19,26,3,65.97305953185014
590,SAT-8-19,SAT-66-2,20,1,59.1254031379039
591,SAT-7-19,SAT-22-16,27,4,100.8146697351702
592,SAT-12-1,SAT-4-8,18,4,74.2289256439332
593,SAT-25-11,SAT-65-10,34,0,70.62883906604041
594,SAT-10-21,SAT-10-16,6,0,32.8320331896469
595,SAT-27-13,SAT-44-10,21,1,52.085343817255186
596,SAT-1-4,SAT-21-6,63,22,312.8452920517028
597,SAT-22-6,SAT-56-4,43,4,117.30350091037116
598,SAT-7-8,SAT-4-8,32,14,189.37540328776882
599,SAT-24-2,SAT-37-15,29,4,123.26195902454238
600,SAT-11-3,SAT-30-15,36,4,141.24834554773247
601,SAT-35-14,SAT-35-19,6,0,32.832033189640235
602,SAT-51-15,SAT-23-10,34,3,86.15853327091084
603,SAT-48-12,SAT-15-11,35,0,69.41549601941108
604,SAT-53-20,SAT-64-2,16,0,47.083795308675846
605,SAT-45-8,SAT-64-6,32,5,114.36717547207388
606,SAT-3-7,SAT-1-21,11,4,56.33918982404337
607,SAT-26-12,SAT-65-19,43,4,121.57112316126525
608,SAT-50-7,SAT-43-7,78,35,471.6785021686773
609,SAT-43-5,SAT-25-18,28,4,93.3690902267834
610,SAT-31-16,SAT-0-18,38,4,97.91804336415191
611,SAT-39-9,SAT-56-17,26,0,84.72429758034461
612,SAT-23-7,SAT-42-6,31,5,108.39540768860407
613,SAT-9-7,SAT-66-7,176,80,1077.98892231382
614,SAT-7-19,SAT-54-0,29,1,67.04193237983557
615,SAT-30-19,SAT-2-5,45,4,158.1023609049476
616,SAT-1-0,SAT-4-18,10,1,82.15905861197186
617,SAT-42-6,SAT-54-10,17,3,48.99699285088949
618,SAT-54-10,SAT-31-11,25,0,52.52026030229886
619,SAT-54-19,SAT-26-12,36,7,98.63085639097919
620,SAT-40-2,SAT-59-19,39,7,160.2925650448657
621,SAT-6-21,SAT-8-11,13,4,68.86343108787987
622,SAT-48-18,SAT-4-3,36,2,99.0206837723636
623,SAT-3-2,SAT-57-13,30,4,106.33779700019893
624,SAT-24-10,SAT-10-7,18,0,47.67406595399671
625,SAT-52-16,SAT-55-7,13,4,64.80293348372777
626,SAT-58-16,SAT-3-1,25,4,77.77742679864757
627,SAT-19-9,SAT-15-11,7,0,20.7144969533958
628,SAT-52-16,SAT-70-19,58,21,290.2074354281629
629,SAT-68-21,SAT-46-13,31,0,96.49630482598933
630,SAT-15-11,SAT-57-11,31,0,60.013898723932904
631,SAT-33-4,SAT-55-5,32,5,100.80942399595351
632,SAT-21-7,SAT-66-18,43,4,149.5034453847775
633,SAT-18-3,SAT-29-5,22,6,86.51994850658552
634,SAT-66-12,SAT-53-7,19,0,57.54766177104461
635,SAT-62-17,SAT-53-7,20,4,82.40532097194244
636,SAT-49-5,SAT-34-1,20,4,54.36849338679746
637,SAT-40-2,SAT-70-15,46,4,155.51545690527018
638,SAT-10-8,SAT-2-17,24,4,113.48443636779818
639,SAT-40-16,SAT-54-9,22,4,72.5738798891215
640,SAT-38-15,SAT-38-5,11,0,65.66406637929377
641,SAT-8-21,SAT-5-20,5,0,12.563487370268774
642,SAT-58-14,SAT-62-3,16,6,79.81896238293177
643,SAT-17-14,SAT-45-8,35,2,92.60087732896334
644,SAT-70-0,SAT-27-10,40,0,123.66627956969005
645,SAT-54-19,SAT-49-16,37,17,212.23858365502818
646,SAT-51-13,SAT-23-5,37,1,105.71802667002308
647,SAT-7-11,SAT-16-18,17,0,63.96377165067946
648,SAT-64-2,SAT-12-21,24,1,57.68977246135693
649,SAT-23-7,SAT-47-6,36,5,117.81913607430847
650,SAT-42-20,SAT-32-1,14,0,38.6817248227405
651,SAT-5-20,SAT-44-19,35,0,69.20867283745733
652,SAT-70-20,SAT-12-13,24,4,85.50015912166795
653,SAT-29-18,SAT-59-14,39,4,109.31722396214971
654,SAT-25-5,SAT-29-21,11,4,46.994307697184176
655,SAT-6-21,SAT-64-0,16,0,34.5591908891186
656,SAT-12-1,SAT-42-13,43,4,135.3410114201734
657,SAT-48-10,SAT-0-2,35,4,111.22578818586109
658,SAT-7-12,SAT-57-14,37,6,133.70357279852405
659,SAT-19-21,SAT-40-17,36,5,131.79619951176534
660,SAT-15-0,SAT-6-17,15,0,50.8255922891696
661,SAT-35-13,SAT-2-12,35,1,69.19519107346581
662,SAT-61-2,SAT-71-12,21,7,83.96964425724268
663,SAT-11-13,SAT-58-19,34,4,100.01559610083389
664,SAT-14-0,SAT-52-3,50,6,162.89195158360084
665,SAT-21-12,SAT-22-1,13,0,74.12775061817898
666,SAT-7-18,SAT-37-20,33,2,70.13081783308584
667,SAT-32-11,SAT-47-16,21,0,62.81827217493037
668,SAT-67-21,SAT-43-0,26,0,54.544389014386425
669,SAT-6-17,SAT-13-21,12,3,39.56516094840382
670,SAT-33-21,SAT-69-15,43,0,111.40626413300907
671,SAT-41-3,SAT-55-15,31,4,131.61647451422277
672,SAT-18-11,SAT-38-18,28,0,85.9424335407906
673,SAT-34-1,SAT-63-11,40,0,120.66871501592382
674,SAT-21-13,SAT-69-20,32,4,91.57665484233708
675,SAT-33-20,SAT-8-11,35,0,106.62389248379715
676,SAT-21-15,SAT-49-5,47,4,171.28738556443332
677,SAT-17-4,SAT-14-13,13,4,64.80080767044895
678,SAT-26-8,SAT-66-19,46,4,146.19686420339596
679,SAT-30-8,SAT-19-6,108,49,650.0265689193444
680,SAT-6-10,SAT-69-8,12,0,31.138232494963166
681,SAT-35-13,SAT-17-17,29,4,99.20260627409662
682,SAT-64-12,SAT-7-20,24,0,80.96491092814051
683,SAT-35-2,SAT-37-7,16,9,89.16649702436247
684,SAT-42-16,SAT-11-4,42,4,124.61383271456262
685,SAT-23-17,SAT-4-14,97,40,541.4336667027432
686,SAT-35-13,SAT-34-4,11,1,60.38703470777442
687,SAT-16-4,SAT-13-16,22,4,123.88034329343176
688,SAT-69-8,SAT-24-1,35,4,97.1300607617575
689,SAT-44-20,SAT-14-13,38,0,103.02965192548828
690,SAT-42-11,SAT-60-13,21,0,49.09773819250484
691,SAT-10-6,SAT-48-2,105,37,523.8742945998557
692,SAT-0-8,SAT-35-9,37,1,73.16138813883049
693,SAT-70-14,SAT-21-10,28,2,69.65264438629163
694,SAT-56-5,SAT-56-18,10,0,59.09765974137219
695,SAT-12-13,SAT-59-17,36,4,113.24571861928167
696,SAT-0-6,SAT-11-20,20,4,73.36377660618359
697,SAT-44-14,SAT-51-16,18,6,78.38175601624921
698,SAT-26-15,SAT-46-21,27,5,77.46376161955868
699,SAT-0-19,SAT-18-5,27,1,86.79004271623403
700,SAT-5-19,SAT-65-11,21,7,75.25076746811507
701,SAT-21-19,SAT-23-17,15,5,82.5834653825992
702,SAT-39-3,SAT-3-12,46,4,127.45427031650597
703,SAT-15-21,SAT-12-15,16,4,84.47675824633042
704,SAT-14-13,SAT-53-13,98,32,482.5431500127752
705,SAT-67-8,SAT-27-8,47,7,151.89104623689425
706,SAT-26-15,SAT-29-3,14,5,71.37716743935687
707,SAT-51-3,SAT-11-7,147,59,807.7106610018191
708,SAT-44-10,SAT-68-4,37,4,123.12982941574148
709,SAT-34-20,SAT-67-13,43,4,121.55737811028479
710,SAT-50-7,SAT-62-10,16,2,42.5582072927535
711,SAT-8-6,SAT-38-6,41,5,122.42836834333431
712,SAT-56-12,SAT-22-6,41,0,103.73131538681031
713,SAT-49-16,SAT-14-5,47,4,138.90251953923743
714,SAT-40-12,SAT-22-17,30,4,106.51895408568353
715,SAT-64-16,SAT-33-9,39,4,104.60341870432897
716,SAT-35-10,SAT-21-13,32,7,138.30539429693556
717,SAT-1-11,SAT-56-19,28,4,98.05693671403048
718,SAT-18-15,SAT-55-2,45,4,125.78886337169962
719,SAT-38-2,SAT-29-3,23,6,102.51245294087765
720,SAT-14-2,SAT-21-12,18,7,79.00612977367757
721,SAT-38-7,SAT-36-11,7,2,30.077644664391123
722,SAT-24-16,SAT-18-17,14,4,57.400900803551615
723,SAT-18-1,SAT-39-3,24,0,52.84358401753061
724,SAT-67-4,SAT-6-17,21,3,79.89853965367766
725,SAT-47-2,SAT-46-3,15,6,87.26984019287819
726,SAT-38-20,SAT-9-10,40,0,120.95412947356392
727,SAT-6-16,SAT-28-2,31,4,94.07199222906698
728,SAT-0-21,SAT-49-15,30,0,85.45040184146667
729,SAT-21-2,SAT-17-19,10,1,40.39367362974314
730,SAT-64-6,SAT-25-5,43,4,121.46204740925319
731,SAT-6-16,SAT-51-17,35,4,97.45647868798075
732,SAT-38-8,SAT-36-12,7,1,30.079821531160118
733,SAT-15-7,SAT-68-17,36,4,140.60177374364676
734,SAT-51-8,SAT-35-9,18,1,37.079966473470144
735,SAT-53-6,SAT-45-18,19,4,80.77805471944451
736,SAT-71-13,SAT-69-8,8,1,36.610530274682645
737,SAT-43-9,SAT-68-14,31,0,80.52302880396172
738,SAT-21-7,SAT-38-6,29,5,104.34769824003197
739,SAT-30-3,SAT-70-19,39,2,99.85439318814775
740,SAT-37-3,SAT-18-13,30,4,101.91950353314593
741,SAT-16-1,SAT-60-1,29,0,52.882646635097046
742,SAT-13-16,SAT-46-5,45,4,134.79796946338698
743,SAT-8-5,SAT-54-2,80,28,396.93736951336575
744,SAT-38-15,SAT-25-5,24,3,90.21672374559039
745,SAT-60-10,SAT-60-12,3,0,13.132813275858737
746,SAT-43-6,SAT-67-10,29,3,71.47042736604985
747,SAT-7-20,SAT-67-13,20,0,68.86949514140527
748,SAT-22-1,SAT-65-14,39,0,113.8520423003843
749,SAT-62-11,SAT-62-3,9,0,52.53125310343193
750,SAT-66-14,SAT-0-7,14,2,57.289829437841505
751,SAT-57-6,SAT-62-15,15,3,68.46575831616673
752,SAT-67-5,SAT-5-19,19,4,70.99281495141078
753,SAT-2-18,SAT-52-21,26,2,61.702924151489626
754,SAT-17-16,SAT-16-5,13,4,74.13973230076351
755,SAT-4-5,SAT-12-21,15,4,54.4937275674109
756,SAT-21-11,SAT-57-21,47,4,134.41674336541936
757,SAT-66-15,SAT-36-17,39,4,109.8251505918646
758,SAT-36-11,SAT-53-18,25,0,79.88316513060896
759,SAT-27-20,SAT-0-18,30,0,64.69732101545303
760,SAT-7-16,SAT-19-4,23,4,88.58805781614568
761,SAT-16-3,SAT-71-9,24,4,71.87409436310152
762,SAT-26-11,SAT-8-5,25,0,75.30781098193472
763,SAT-24-2,SAT-19-16,22,4,114.4941240826716
764,SAT-41-10,SAT-67-12,29,0,65.22286779531973
765,SAT-16-15,SAT-19-14,9,3,38.48923815003217
766,SAT-45-1,SAT-45-10,10,0,59.09765974135906
767,SAT-35-18,SAT-31-15,26,12,144.7635933702437
768,SAT-70-1,SAT-69-17,18,5,106.94824119366474
769,SAT-41-7,SAT-42-0,9,4,47.85058145229878
770,SAT-44-2,SAT-26-14,29,1,99.59668005239587
771,SAT-48-15,SAT-52-4,16,5,79.87607661500373
772,SAT-53-21,SAT-12-6,39,0,108.08246550624018
773,SAT-35-15,SAT-49-7,23,3,78.92328596029787
774,SAT-0-4,SAT-67-14,16,4,75.22107087651996
775,SAT-69-3,SAT-31-8,106,38,531.0437263215887
776,SAT-6-21,SAT-66-15,19,0,63.44592573293875
777,SAT-64-6,SAT-36-5,208,90,1223.9072851594042
778,SAT-20-14,SAT-69-6,32,2,95.87600036296645
779,SAT-38-5,SAT-68-9,35,4,83.62362073314638
780,SAT-34-2,SAT-8-4,39,5,128.5209465339636
781,SAT-38-0,SAT-39-12,12,1,66.94276228032395
782,SAT-23-10,SAT-30-6,22,5,105.1174273673455
783,SAT-9-6,SAT-55-15,46,5,174.48579299946326
784,SAT-59-6,SAT-37-21,30,5,87.4120118368565
785,SAT-5-19,SAT-1-11,13,4,60.064727930416964
786,SAT-64-3,SAT-61-7,12,4,57.87076392642955
787,SAT-45-1,SAT-22-4,37,5,129.36214396890563
788,SAT-61-21,SAT-30-10,43,4,131.5332811890046
789,SAT-65-12,SAT-18-2,38,4,125.8810973237788
790,SAT-54-20,SAT-47-16,12,0,39.66028224370386
791,SAT-26-9,SAT-40-8,30,7,124.85493785965137
792,SAT-35-12,SAT-8-11,29,0,57.4013090557536
793,SAT-25-10,SAT-12-13,31,7,136.0584524232942
794,SAT-25-14,SAT-62-9,41,2,98.31362743078856
795,SAT-56-17,SAT-9-3,34,3,100.38248806370522
796,SAT-53-4,SAT-8-12,36,5,103.57360795810382
797,SAT-60-14,SAT-39-17,31,4,99.29269710797982
798,SAT-26-12,SAT-56-1,42,0,128.69582605775864
799,SAT-47-0,SAT-9-2,37,0,80.90543258305274
800,SAT-49-20,SAT-31-20,19,0,34.46235505117878
801,SAT-32-14,SAT-56-7,32,2,91.12280298513937
802,SAT-50-19,SAT-13-21,38,1,80.14294809759534
803,SAT-70-7,SAT-70-20,10,0,59.097659741373626
804,SAT-67-14,SAT-9-2,25,6,92.01911887448712
805,SAT-57-19,SAT-21-18,398,181,2434.3306862163
806,SAT-39-9,SAT-57-16,26,0,80.43664442936252
807,SAT-5-6,SAT-47-2,95,34,476.67952761489
808,SAT-23-11,SAT-66-18,41,4,127.76836973677044
809,SAT-53-9,SAT-70-1,26,4,84.50797134970057
810,SAT-52-21,SAT-56-5,11,0,47.41866290194636
811,SAT-71-5,SAT-60-17,22,4,86.3482920316767
812,SAT-42-11,SAT-3-11,34,0,65.75519703149581
813,SAT-14-12,SAT-41-13,29,0,57.336778693759555
814,SAT-57-6,SAT-65-9,12,3,35.02420563963733
815,SAT-30-10,SAT-29-1,11,4,60.977443436640065
816,SAT-56-5,SAT-67-13,20,4,73.6088510263641
817,SAT-68-4,SAT-55-7,21,4,70.87473491986886
818,SAT-26-12,SAT-45-1,31,0,107.94636322757736
819,SAT-48-1,SAT-20-8,38,4,112.74972718156535
820,SAT-11-9,SAT-46-16,43,0,113.04815770449903
821,SAT-70-17,SAT-64-21,11,3,37.36857234256025
822,SAT-13-21,SAT-52-12,43,0,125.27440868126901
823,SAT-43-5,SAT-19-21,31,4,84.4988093441238
824,SAT-45-7,SAT-47-6,14,5,75.98883714360892
825,SAT-40-7,SAT-30-3,53,23,294.3833452103716
826,SAT-4-1,SAT-70-0,8,0,17.83788217203901
827,SAT-61-19,SAT-17-17,41,5,131.3970988143329
828,SAT-40-16,SAT-16-4,35,4,111.07370667128913
829,SAT-32-4,SAT-34-4,9,3,43.15559833895253
830,SAT-39-18,SAT-67-13,36,4,97.94352290037466
831,SAT-52-21,SAT-65-19,30,7,129.47618477562278
832,SAT-41-6,SAT-25-2,51,19,253.1136725963454
833,SAT-29-12,SAT-42-10,16,0,37.54649184461155
834,SAT-52-12,SAT-33-12,20,0,35.6815302158695
835,SAT-30-0,SAT-71-19,35,0,81.43058615999101
836,SAT-29-6,SAT-25-0,11,4,46.90792031337149
837,SAT-60-12,SAT-12-18,31,0,84.45532274232522
838,SAT-63-1,SAT-6-3,18,0,41.293365097572284
839,SAT-18-5,SAT-57-7,40,4,102.69972121626654
840,SAT-4-8,SAT-56-20,31,7,103.19934234389851
841,SAT-23-4,SAT-44-8,68,25,342.3481672703936
842,SAT-42-10,SAT-53-15,17,0,54.897355116662204
843,SAT-23-15,SAT-31-7,17,3,67.12739878573828
844,SAT-57-15,SAT-27-9,37,3,95.70135377449719
845,SAT-69-2,SAT-37-11,42,4,120.51367986024023
846,SAT-31-20,SAT-48-14,28,4,97.55872359204372
847,SAT-67-10,SAT-70-2,14,4,71.29253529918049
848,SAT-69-17,SAT-51-2,26,3,80.51135778237892
849,SAT-4-8,SAT-36-20,43,4,125.70106819150651
850,SAT-54-19,SAT-35-18,211,96,1288.7963983443603
851,SAT-67-5,SAT-4-14,19,4,76.37553291845579
852,SAT-39-9,SAT-36-8,5,0,12.325697696959896
853,SAT-21-4,SAT-29-4,15,3,54.40282101495541
854,SAT-17-9,SAT-27-3,21,4,84.41954286350081
855,SAT-67-16,SAT-63-10,11,4,46.898191129073886
856,SAT-36-15,SAT-62-6,36,3,107.84604320109877
857,SAT-21-3,SAT-52-20,37,2,90.95510577625274
858,SAT-22-1,SAT-34-5,17,0,48.764880456212424
859,SAT-41-10,SAT-16-21,37,4,120.23735935825806
860,SAT-11-13,SAT-46-18,175,72,979.5461788714124
861,SAT-1-0,SAT-52-15,29,0,87.75589765838227
862,SAT-16-5,SAT-7-8,15,4,50.119106552392594
863,SAT-57-19,SAT-67-2,16,1,52.03989248160097
864,SAT-38-15,SAT-29-5,28,4,135.0642610361561
865,SAT-37-6,SAT-47-19,20,4,77.83480666026759
866,SAT-11-14,SAT-67-14,79,31,436.90328766014113
867,SAT-25-2,SAT-16-21,13,1,36.562652140795564
868,SAT-70-14,SAT-24-4,43,4,153.77908819599912
869,SAT-31-16,SAT-70-17,41,4,107.56249555762207
870,SAT-10-6,SAT-57-7,31,3,80.8771081755567
871,SAT-48-10,SAT-26-9,24,0,50.71526585852306
872,SAT-6-5,SAT-36-4,38,4,102.15788801623623
873,SAT-10-19,SAT-40-0,34,1,77.35330989690998
874,SAT-52-15,SAT-32-2,30,4,97.53371973010267
875,SAT-3-2,SAT-40-2,102,33,498.53225888944496
876,SAT-52-21,SAT-62-8,20,0,79.16664982215708
877,SAT-24-21,SAT-37-14,25,4,96.57280298330222
878,SAT-4-2,SAT-34-1,32,1,62.74101425192849
879,SAT-25-11,SAT-18-17,20,4,92.25304679439635
880,SAT-3-2,SAT-70-0,8,1,22.49216977593321
881,SAT-39-5,SAT-34-4,37,16,212.91796227592246
882,SAT-16-9,SAT-56-1,41,0,114.0613294506061
883,SAT-3-1,SAT-48-3,42,6,143.45296253363864
884,SAT-67-7,SAT-56-17,28,4,126.21346995120213
885,SAT-46-5,SAT-67-11,28,4,79.78813634183585
886,SAT-29-11,SAT-11-4,26,0,81.76196478340792
887,SAT-64-2,SAT-15-21,27,1,62.738073999667016
888,SAT-67-19,SAT-21-19,41,7,140.46350073630373
889,SAT-43-15,SAT-46-16,13,5,64.69674217308655
890,SAT-6-3,SAT-70-14,20,4,87.4504501854415
891,SAT-18-16,SAT-39-14,28,4,78.68180839917771
892,SAT-35-15,SAT-60-2,35,5,106.53655289844978
893,SAT-64-12,SAT-63-7,19,6,113.4995494434443
894,SAT-6-21,SAT-64-20,16,0,34.66843764366887
895,SAT-70-12,SAT-54-5,24,0,75.88512680710659
896,SAT-64-12,SAT-14-20,31,0,93.67163857315026
897,SAT-5-14,SAT-54-8,30,2,82.40884281865219
898,SAT-4-14,SAT-39-16,46,6,133.01537037878643
899,SAT-30-1,SAT-70-17,39,0,99.23900051079973
900,SAT-35-5,SAT-66-7,144,57,793.7632834316095
901,SAT-36-14,SAT-32-1,14,4,66.79695199197306
902,SAT-57-6,SAT-47-19,20,5,77.79163269538098
903,SAT-36-13,SAT-35-4,11,0,60.31196991370924
904,SAT-19-4,SAT-33-9,20,5,59.77955606678039
905,SAT-19-15,SAT-51-1,41,5,114.1415522913808
906,SAT-41-11,SAT-48-19,16,0,66.44476991168341
907,SAT-11-19,SAT-65-18,202,92,1232.8013233473114
908,SAT-27-20,SAT-56-1,33,0,75.53355355287322
909,SAT-62-13,SAT-53-21,18,4,69.25874865047687
910,SAT-60-11,SAT-4-17,23,0,71.1963709529353
911,SAT-15-7,SAT-21-18,18,2,83.78538900294663
912,SAT-45-16,SAT-62-10,24,4,71.15704770975587
913,SAT-11-5,SAT-55-0,34,4,84.48674080731354
914,SAT-4-5,SAT-26-18,32,4,100.19703464772135
915,SAT-58-20,SAT-41-6,32,4,124.67705652084055
916,SAT-70-14,SAT-71-10,6,2,28.13315629560379
917,SAT-48-10,SAT-0-7,40,6,143.31681342196075
918,SAT-27-3,SAT-11-14,28,4,103.05152110178508
919,SAT-69-15,SAT-57-0,20,4,69.08063252891873
920,SAT-27-7,SAT-60-21,42,4,114.13911617565147
921,SAT-44-2,SAT-64-13,32,7,110.16681103442342
922,SAT-62-17,SAT-46-13,53,20,266.26111803077185
923,SAT-11-12,SAT-14-1,15,0,77.83118784197605
924,SAT-36-10,SAT-13-3,31,0,92.14941474424715
925,SAT-23-5,SAT-37-14,24,4,86.07991472628161
926,SAT-19-4,SAT-40-18,30,3,91.52708191736879
927,SAT-27-18,SAT-39-21,16,2,42.82686704371734
928,SAT-19-10,SAT-38-18,28,0,90.6859544786073
929,SAT-54-7,SAT-51-16,21,4,117.41082462727104
930,SAT-67-13,SAT-71-10,8,1,27.161827595216042
931,SAT-49-10,SAT-5-19,38,0,115.32888723654092
932,SAT-23-7,SAT-25-6,14,5,75.35934527612619
933,SAT-13-17,SAT-64-0,27,3,73.3157528156372
934,SAT-57-12,SAT-19-1,46,0,135.66263830936703
935,SAT-3-7,SAT-21-18,30,2,106.93964091472546
936,SAT-39-1,SAT-64-6,31,0,79.45762581772387
937,SAT-13-0,SAT-33-5,26,0,72.55155005678576
938,SAT-46-19,SAT-7-19,48,7,153.47547520007262
939,SAT-15-17,SAT-64-12,29,5,75.53111227415607
940,SAT-56-1,SAT-29-5,40,4,130.48564618673603
941,SAT-41-10,SAT-6-10,36,0,70.29699074993216
942,SAT-36-18,SAT-0-21,40,2,89.13518199237578
943,SAT-17-6,SAT-30-19,23,4,83.33478636869575
944,SAT-38-1,SAT-40-12,14,0,75.959261729112
945,SAT-0-16,SAT-24-18,117,47,649.8564581444458
946,SAT-52-11,SAT-51-13,12,4,66.99440336043571
947,SAT-14-13,SAT-39-14,39,7,133.59491200033045
948,SAT-33-11,SAT-70-19,46,4,133.1883423694564
949,SAT-36-5,SAT-20-17,27,4,95.4842883743769
950,SAT-12-6,SAT-18-6,17,5,76.84285995863125
951,SAT-60-2,SAT-9-10,30,7,93.05604543393356
952,SAT-67-13,SAT-35-10,36,1,79.31945233687942
953,SAT-27-20,SAT-70-11,39,0,115.06046819777275
954,SAT-3-12,SAT-42-6,40,0,100.88180451387808
955,SAT-47-7,SAT-59-4,22,4,81.44765402224951
956,SAT-38-5,SAT-12-5,221,97,1320.8602397239636
957,SAT-58-0,SAT-68-19,16,1,77.88205291746507
958,SAT-15-0,SAT-47-0,33,0,63.51467393230405
959,SAT-59-11,SAT-8-1,32,4,104.77655637082178
960,SAT-23-4,SAT-50-10,34,5,91.52793479970937
961,SAT-24-4,SAT-12-18,21,3,74.87364098891302
962,SAT-37-4,SAT-41-19,12,3,53.41230909400532
963,SAT-39-3,SAT-52-4,25,6,97.32985948527786
964,SAT-11-1,SAT-20-8,17,0,62.72163737959943
965,SAT-20-8,SAT-59-4,214,92,1241.154435981477
966,SAT-4-7,SAT-69-3,40,18,223.1536270774511
967,SAT-16-6,SAT-56-17,50,4,173.26112312758318
968,SAT-58-1,SAT-36-8,32,4,101.58417119725323
969,SAT-62-12,SAT-61-21,11,4,61.02886480754145
970,SAT-24-2,SAT-2-21,26,1,60.63230007258383
971,SAT-65-14,SAT-36-0,38,4,108.55016956731026
972,SAT-67-16,SAT-71-19,16,7,79.95722011568964
973,SAT-42-16,SAT-61-4,30,4,102.36611509701872
974,SAT-21-14,SAT-4-2,28,4,98.50274154776822
975,SAT-6-3,SAT-57-0,25,2,58.75832359769774
976,SAT-6-2,SAT-20-18,33,6,144.23472193867673
977,SAT-39-4,SAT-51-16,31,4,140.51480730211995
978,SAT-21-18,SAT-19-6,21,5,122.05965380273908
979,SAT-68-18,SAT-23-2,34,2,91.56695314787291
980,SAT-40-18,SAT-36-18,49,22,295.9623786400515
981,SAT-50-5,SAT-42-20,16,4,60.83939818528965
982,SAT-3-7,SAT-23-10,24,2,57.96707112173286
983,SAT-14-12,SAT-50-15,50,5,154.93855025092296
984,SAT-70-14,SAT-37-14,154,60,848.1088034074995
985,SAT-58-17,SAT-61-18,13,5,64.89703161066666
986,SAT-59-14,SAT-42-11,21,2,51.29677132272119
987,SAT-5-20,SAT-48-10,40,0,121.72466111588098
988,SAT-12-13,SAT-20-19,27,12,132.89783081441348
989,SAT-36-18,SAT-16-3,40,6,163.42420524933513
990,SAT-68-21,SAT-65-6,17,4,91.16408738764687
991,SAT-37-15,SAT-8-21,36,4,95.47285040847369
992,SAT-21-18,SAT-21-11,8,0,45.9648464655056
993,SAT-33-16,SAT-22-1,19,4,67.23445047896006
994,SAT-29-8,SAT-20-6,102,47,620.8317608723582
995,SAT-36-17,SAT-21-20,19,3,48.710351589242684
996,SAT-54-20,SAT-71-17,31,5,116.9390388724134
997,SAT-11-2,SAT-36-15,41,4,144.93102983267713
998,SAT-29-6,SAT-24-9,9,3,29.369597138927986
999,SAT-32-5,SAT-53-4,29,4,84.97018788703727
